product_id,category,sub_category,base_price,launch_date
1,Women,Activewear,163.08,2015-06-02
2,Shoes,Sneakers,194.81,2018-07-29
3,Shoes,Sandals,262.29,14-11-2018
4,Kids,Tops,108.43,2017-10-06
5,Kids,Tops,77.96,31-05-2017
6,Accessories,Bags,107.91,2020-01-13
7,Women,Jeans,204.35,2018-10-09
8,Shoes,Sandals,174.48,2017-12-11
9,Men,Outerwear,143.58,2019/02/17
10,Women,Dresses,184.03,2018-06-09
11,Kids,Tops,112.41,2017-04-15
12,Accessories,Jewelry,101.86,12-07-2019
13,Shoes,Loafers,118.67,04-06-2024
14,Shoes,Sandals,114.59,2020-01-22
15,Shoes,Sneakers,150.73,2020.12.22
16,Shoes,Loafers,147.78,2024-11-04
17,Kids,Sleepwear,86.52,2021/02/19
18,Women,Outerwear,126.5,2017/03/26
19,Accessories,Bags,98.92,2018-12-26
20,Kids,Shoes,72.58,2019-11-18
21,Kids,Outerwear,80.09,2019-10-01
22,Men,Shirts,212.9,2016-06-30
23,Women,Tops,209.79,2016-01-22
24,Accessories,Hats,120.48,02-07-2018
25,Shoes,Sneakers,194.64,2024-02-22
26,Shoes,Boots,196.17,2022-03-05
27,Kids,Outerwear,97.37,02-06-2023
28,Accessories,Jewelry,137.53,29/09/2016
29,Kids,Tops,69.58,2019-02-22
30,Kids,Outerwear,90.82,2020-10-24
31,Kids,Shoes,44.29,2019-05-06
32,Men,Suits,168.47,2019/03/03
33,Women,Lingerie,214.3,2018/08/07
34,Kids,Tops,83.7,2015-07-08
35,Accessories,Jewelry,174.5,2023-07-29
36,Women,Lingerie,140.34,01/05/2024
37,Accessories,Belts,126.52,2015-10-23
38,Accessories,Hats,118.93,2019-02-19
39,Men,Activewear,155.99,2020/03/06
40,Shoes,Heels,213.71,03-11-2022
41,Women,Tops,184.82,2024-11-13
42,Shoes,Loafers,266.64,2019-03-01
43,Shoes,Loafers,295.78,2022-06-28
44,Men,Outerwear,159.91,2024-05-17
45,Women,Activewear,216.69,22/04/2023
46,Accessories,Belts,98.95,2017/11/27
47,Kids,Sleepwear,107.23,2023-03-06
48,Accessories,Hats,97.14,2019-02-14
49,Shoes,Heels,279.99,2015-03-06
50,Shoes,Sneakers,341.59,2022-08-04
51,Shoes,Sandals,213.29,10-05-2023
52,Women,Tops,81.34,2018-06-09
53,Men,Jeans,138.08,2019/07/06
54,Kids,Tops,117.72,2018-08-23
55,Kids,Shoes,102.44,
56,Women,Dresses,191.2,2024-12-13
57,Kids,Sleepwear,112.7,2015-03-24
58,Women,Lingerie,201.8,2020-07-22
59,Shoes,Sneakers,286.97,2015.02.24
60,Shoes,Heels,270.57,2021-11-23
61,Accessories,Hats,165.65,2024-01-04
62,Shoes,Boots,239.73,2021-06-08
63,Men,Suits,196.21,2021.01.23
64,Accessories,Hats,110.79,13-04-2023
65,Kids,Outerwear,76.47,2024-09-28
66,Men,Outerwear,228.27,2023-08-15
67,Accessories,Jewelry,126.49,2017/04/25
68,Men,Activewear,192.2,2020-08-19
69,Women,Jeans,185.57,2023-03-11
70,Kids,Shoes,76.8,2017/12/12
71,Shoes,Loafers,220.6,2021/10/02
72,Women,Lingerie,244.62,2015/03/25
73,Kids,Sleepwear,102.49,2023/10/10
74,Women,Jeans,102.98,2021-02-22
75,Shoes,Sandals,208.16,07-06-2022
76,Kids,Bottoms,130.1,2023/04/04
77,Men,Jeans,151.45,10-03-2017
78,Men,Outerwear,87.98,2019/07/04
79,Kids,Shoes,132.59,2023-08-03
80,Shoes,Heels,257.53,2016-08-24
81,Accessories,Belts,117.9,2023-03-24
82,Kids,Outerwear,81.64,2017-11-18
83,Women,Tops,228.71,2020-10-03
84,Accessories,Scarves,103.74,2020/02/06
85,Shoes,Boots,283.15,12-11-2021
86,Shoes,Heels,249.82,2023/05/15
87,Women,Jeans,191.01,
88,Men,Jeans,165.82,2016-09-19
89,Shoes,Loafers,210.38,25-03-2019
90,Accessories,Belts,151.37,14-02-2021
91,Kids,Tops,70.53,
92,Accessories,Belts,71.34,2022-07-15
93,Accessories,Hats,138.43,2018-05-26
94,Men,Shirts,185.25,2024-05-12
95,Accessories,Belts,134.41,31-10-2015
96,Men,Shirts,176.31,2016-03-02
97,Men,Activewear,147.18,2015-04-01
98,Shoes,Sandals,263.31,2024-04-07
99,Shoes,Loafers,217.49,2016-10-19
100,Women,Jeans,158.08,2021/01/06
101,Accessories,Jewelry,110.64,2023-02-17
102,Women,Tops,270.93,2022/09/01
103,Accessories,Scarves,67.95,2024-06-28
104,Women,Outerwear,202.49,2015-07-16
105,Shoes,Sandals,127.65,2019-01-27
106,Shoes,Sandals,214.05,2020-01
107,Shoes,Heels,196.15,2021-12-18
108,Shoes,Boots,105.32,2021-03-24
109,Kids,Outerwear,98.75,
110,Shoes,Loafers,199.1,2018-01-25
111,Men,T-Shirts,76.03,2016-01-24
112,Shoes,Loafers,266.18,2019-04-26
113,Kids,Tops,122.29,2017/08/06
114,Kids,Outerwear,123.53,2020-07-17
115,Kids,Tops,98.08,2022-12-21
116,Kids,Sleepwear,91.04,11-07-2020
117,Women,Lingerie,239.77,2020-10-30
118,Women,Dresses,255.71,2015-06-02
119,Men,Activewear,205.34,2021-06-12
120,Women,Lingerie,137.63,2019-05-25
121,Kids,Shoes,94.53,2016-03-27
122,Shoes,Boots,244.17,2017-02-20
123,Shoes,Sneakers,120.47,2022-10-23
124,Kids,Shoes,100.56,2024-03-02
125,Accessories,Jewelry,188.19,2020.01.29
126,Kids,Outerwear,104.4,2024/10/07
127,Women,Lingerie,246.3,2016-10-19
128,Shoes,Sneakers,230.06,30-12-2017
129,Kids,Sleepwear,88.35,2024-04-20
130,Shoes,Sneakers,240.97,2016/10/01
131,Kids,Shoes,71.64,2021/08/05
132,Kids,Sleepwear,68.32,2017/03/12
133,Women,Lingerie,236.98,2018.04.24
134,Kids,Outerwear,120.88,2019/10/12
135,Shoes,Sneakers,165.49,2018-08-08
136,Men,Shirts,198.72,2023-09-30
137,Shoes,Boots,215.22,
138,Women,Activewear,195.29,01-01-2020
139,Men,Shirts,178.41,2020-04-02
140,Kids,Shoes,112.37,2015-07-22
141,Accessories,Belts,122.48,2017-05
142,Men,Outerwear,216.41,2015-05-26
143,Men,Jeans,172.38,2023-07-27
144,Kids,Outerwear,104.04,2017-04-10
145,Accessories,Hats,95.0,2018-05-29
146,Accessories,Bags,184.76,2023/06/06
147,Women,Outerwear,201.14,18-02-2022
148,Men,Suits,188.52,2021-03-20
149,Accessories,Jewelry,71.75,
150,Women,Tops,142.98,2020-08-18
151,Accessories,Jewelry,157.14,2020-08-10
152,Men,T-Shirts,171.48,2018-03-11
153,Accessories,Jewelry,62.59,14-06-2022
154,Men,Outerwear,201.53,2024-04-18
155,Kids,Shoes,77.76,2017-08-04
156,Shoes,Heels,297.62,
157,Women,Dresses,176.05,2018-03-23
158,Kids,Bottoms,94.61,2023/05/09
159,Kids,Sleepwear,116.53,2015-10-12
160,Shoes,Sneakers,170.64,2023/12/17
161,Accessories,Hats,90.21,02-10-2022
162,Shoes,Sandals,209.19,01-11-2019
163,Kids,Tops,108.61,2020-11-01
164,Kids,Outerwear,60.06,11-12-2023
165,Kids,Bottoms,52.47,2022-09-13
166,Accessories,Hats,144.71,2017-10-08
167,Men,Jeans,135.88,2015/07/04
168,Women,Lingerie,162.35,2021-08-02
169,Men,Shirts,85.73,
170,Women,Lingerie,149.45,2015-11-18
171,Women,Activewear,179.66,28/10/2024
172,Women,Lingerie,221.87,2019-09-28
173,Shoes,Loafers,177.58,2021-07-05
174,Shoes,Sneakers,311.16,2017.03.04
175,Shoes,Loafers,182.35,2016-01-07
176,Kids,Outerwear,74.63,18-08-2015
177,Shoes,Loafers,304.55,18-07-2018
178,Women,Lingerie,189.52,2015/01/14
179,Accessories,Hats,103.44,2019-03-15
180,Kids,Bottoms,86.51,01-04-2018
181,Accessories,Bags,160.59,2020-04-08
182,Women,Dresses,245.98,2020-11-23
183,Kids,Bottoms,71.62,2018-01-31
184,Shoes,Loafers,217.67,21-07-2019
185,Kids,Outerwear,92.03,2015-10-13
186,Kids,Outerwear,67.81,07-01-2018
187,Women,Tops,177.49,13-10-2024
188,Men,Activewear,160.21,2024-11-29
189,Men,Activewear,205.61,10-11-2019
190,Men,T-Shirts,208.3,2024-05-25
191,Shoes,Sandals,201.89,2020-01-06
192,Shoes,Sandals,208.23,04-04-2016
193,Shoes,Loafers,256.54,2023-09-06
194,Men,Outerwear,136.59,2019-02-25
195,Accessories,Jewelry,137.66,2021-02-15
196,Women,Jeans,176.04,2021/06/28
197,Men,Shirts,121.22,2018-01-30
198,Women,Jeans,136.94,2022-05-03
199,Men,Shirts,217.88,2020-01-06
200,Accessories,Bags,115.31,2018-08-31
201,Men,T-Shirts,225.61,24-12-2017
202,Accessories,Scarves,104.59,2022/06/19
203,Kids,Bottoms,96.55,29-06-2017
204,Shoes,Loafers,351.6,29-03-2016
205,Kids,Tops,66.21,2023-10-27
206,Men,Jeans,84.09,2018-04-27
207,Shoes,Sandals,290.76,2021-05-30
208,Accessories,Belts,95.2,2022-03-02
209,Men,Suits,159.17,2023-05-21
210,Shoes,Loafers,187.77,2021-04-04
211,Men,Shirts,170.73,2022-01-30
212,Shoes,Sneakers,167.72,17-05-2023
213,Shoes,Loafers,210.1,08/06/2024
214,Kids,Outerwear,100.12,
215,Shoes,Heels,164.54,08-06-2022
216,Men,Outerwear,132.0,2016-09-29
217,Women,Jeans,164.37,2023-11-30
218,Women,Activewear,115.7,
219,Kids,Outerwear,80.49,2017-06-20
220,Accessories,Bags,123.56,2016-12-02
221,Women,Outerwear,162.02,2021/01/13
222,Kids,Sleepwear,83.89,
223,Shoes,Sneakers,218.91,2015/03/04
224,Men,Outerwear,133.77,2020-01-16
225,Shoes,Sandals,258.01,19-09-2024
226,Men,Activewear,217.44,2020-04-13
227,Accessories,Bags,106.07,2019-06-17
228,Kids,Tops,100.92,2021.07.31
229,Kids,Outerwear,84.61,2020-07-08
230,Women,Jeans,196.45,07-11-2018
231,Kids,Shoes,125.23,19-11-2020
232,Accessories,Hats,135.26,2015-01-12
233,Women,Lingerie,100.2,2017-06-12
234,Shoes,Boots,244.97,2021-09-27
235,Kids,Outerwear,117.74,2018-06-01
236,Shoes,Sneakers,207.81,2015-07-18
237,Shoes,Heels,274.76,2016-03-30
238,Kids,Tops,74.47,2023/08/31
239,Men,Outerwear,100.58,2018/04/18
240,Shoes,Boots,227.76,2015-03-24
241,Women,Tops,100.96,2022/04/16
242,Kids,Tops,84.61,2020-04-21
243,Women,Outerwear,237.91,2019/07/07
244,Shoes,Loafers,114.96,2023/12/14
245,Shoes,Sneakers,149.63,2018/02/20
246,Women,Jeans,133.56,2020-09-22
247,Shoes,Boots,216.52,2022-06-14
248,Kids,Shoes,81.77,2021-01-31
249,Shoes,Heels,296.95,29-01-2017
250,Women,Lingerie,222.95,2021-10-25
251,Women,Tops,202.29,2022-06-08
252,Kids,Tops,93.28,2016-03-23
253,Women,Outerwear,197.7,2016-08-27
254,Men,Activewear,125.52,2021-10-01
255,Shoes,Loafers,267.15,2016/03/10
256,Women,Lingerie,129.96,2023-10-21
257,Shoes,Loafers,265.95,2016/02/05
258,Women,Outerwear,233.38,2024-09-28
259,Women,Jeans,189.49,2021-09-19
260,Kids,Outerwear,86.04,2019-06-07
261,Shoes,Sneakers,242.02,2017/09/07
262,Women,Jeans,51.23,2018-06-12
263,Men,Outerwear,172.09,2022-06-27
264,Accessories,Bags,116.6,2022-07-14
265,Accessories,Belts,118.48,2017-02-01
266,Kids,Outerwear,105.9,06/06/2020
267,Kids,Bottoms,88.32,2024/12/06
268,Men,T-Shirts,114.39,2017/07/28
269,Shoes,Heels,212.22,2021/12/08
270,Kids,Shoes,91.52,2016-09-20
271,Men,Activewear,164.6,2023-05-05
272,Women,Dresses,187.29,
273,Women,Tops,226.77,2017/12/23
274,Accessories,Scarves,87.42,2019-08-05
275,Kids,Outerwear,93.95,2018-09-16
276,Kids,Bottoms,119.02,2016-09-13
277,Kids,Outerwear,50.97,2021-05-30
278,Shoes,Loafers,229.88,2015-03-14
279,Women,Jeans,153.66,2024-11-01
280,Women,Dresses,163.32,2015-07-10
281,Men,Jeans,123.81,2018/05/04
282,Kids,Shoes,86.19,2024/04/19
283,Shoes,Sandals,321.27,2016-07-20
284,Kids,Shoes,61.55,2015-09-24
285,Kids,Shoes,63.68,2022-06-10
286,Accessories,Bags,80.94,2015/09/25
287,Women,Tops,257.73,2023-12-31
288,Kids,Tops,79.6,2019-07-07
289,Kids,Tops,89.42,2023.09.11
290,Kids,Shoes,80.94,2017-06-14
291,Accessories,Jewelry,91.67,2016/05/30
292,Men,Shirts,150.59,2024/08/17
293,Accessories,Scarves,193.75,2022-08-16
294,Men,Activewear,215.68,2024-02-10
295,Kids,Tops,70.81,2018.03.14
296,Kids,Shoes,104.57,
297,Accessories,Jewelry,95.05,2020.10.09
298,Kids,Outerwear,50.03,2019-06-28
299,Men,Suits,200.78,2017-06-05
300,Women,Jeans,232.2,02-10-2018
301,Men,Suits,201.84,01-02-2021
302,Accessories,Hats,105.9,2015-05-19
303,Women,Lingerie,172.5,2018/05/12
304,Accessories,Bags,142.49,2017/12/05
305,Kids,Tops,98.81,14-09-2015
306,Women,Lingerie,162.29,2016/03/24
307,Men,Jeans,95.24,2019-12-16
308,Kids,Bottoms,92.56,09-01-2016
309,Men,Suits,203.16,2018-06-13
310,Women,Tops,126.11,2020-08-10
311,Shoes,Heels,255.13,2023.09.28
312,Shoes,Boots,238.23,27/12/2015
313,Women,Tops,213.76,2019/05/07
314,Men,T-Shirts,194.88,2016/01/12
315,Men,Jeans,132.22,2019/04/15
316,Shoes,Sneakers,131.07,2019-10-22
317,Shoes,Sandals,190.66,2022-12-29
318,Shoes,Loafers,268.9,2019-06-04
319,Accessories,Bags,103.74,2024-05-10
320,Shoes,Sandals,181.83,2016/05/17
321,Men,Activewear,87.15,2015/07/14
322,Women,Activewear,258.87,17-01-2015
323,Shoes,Sneakers,265.41,27/07/2018
324,Accessories,Jewelry,143.1,2016/12/05
325,Accessories,Scarves,149.03,2015-12-01
326,Men,T-Shirts,183.07,2017-05-11
327,Men,Outerwear,150.23,2024.10.01
328,Women,Lingerie,172.63,2023-01-02
329,Women,Outerwear,160.76,2015-03-09
330,Kids,Tops,149.28,2024-02-27
331,Kids,Shoes,102.51,2017-01-19
332,Men,Suits,141.45,2019-01-22
333,Men,Jeans,178.62,2018-04-11
334,Accessories,Hats,89.67,2019.01.19
335,Kids,Bottoms,123.85,2022-08-10
336,Accessories,Hats,100.17,2022-02-15
337,Accessories,Jewelry,135.03,2020/12/10
338,Men,T-Shirts,202.64,09/04/2021
339,Men,Jeans,175.39,2022/04/11
340,Accessories,Jewelry,122.83,2016/11/03
341,Shoes,Heels,220.59,2018-12-16
342,Men,Suits,157.74,
343,Shoes,Sandals,188.28,2022-01-16
344,Kids,Outerwear,79.89,2019.05.18
345,Accessories,Hats,164.39,16-05-2021
346,Men,Outerwear,155.66,2020/08/25
347,Accessories,Jewelry,96.43,26-09-2017
348,Accessories,Belts,104.51,2016/05/21
349,Women,Tops,229.52,2024-09-24
350,Women,Jeans,210.4,07-12-2017
351,Kids,Tops,102.61,05-02-2016
352,Women,Jeans,168.41,2018-01-22
353,Men,Shirts,182.93,2024-01-10
354,Kids,Tops,75.52,2017-08-12
355,Accessories,Scarves,112.21,2024-11-13
356,Accessories,Bags,149.09,2019-08-11
357,Women,Outerwear,219.34,
358,Accessories,Scarves,90.54,
359,Women,Activewear,141.5,10/06/2015
360,Shoes,Heels,225.98,2020-02-04
361,Accessories,Bags,171.78,2019-03-04
362,Accessories,Jewelry,62.53,2017-01-05
363,Men,T-Shirts,171.13,2020/07/02
364,Accessories,Scarves,78.72,2016-01-12
365,Women,Dresses,151.46,2021-12-25
366,Kids,Tops,81.8,2023-03-22
367,Kids,Bottoms,80.54,2015-12-05
368,Men,Shirts,138.65,17-10-2019
369,Women,Lingerie,180.32,2021/07/21
370,Shoes,Boots,190.56,2015-08-15
371,Men,Jeans,101.5,23/11/2018
372,Shoes,Loafers,262.89,2017-07-31
373,Kids,Shoes,106.94,2015-05-24
374,Men,Jeans,193.73,16/01/2023
375,Accessories,Belts,73.78,2019-06-13
376,Women,Outerwear,193.45,2022-07-09
377,Shoes,Sandals,257.18,14-11-2020
378,Shoes,Loafers,163.28,2023-10-05
379,Men,T-Shirts,160.37,2024-12-21
380,Men,T-Shirts,155.35,
381,Women,Dresses,262.9,2018-07-10
382,Accessories,Belts,177.73,25-03-2019
383,Accessories,Hats,70.07,2023.04.04
384,Men,Shirts,259.76,2019/04/08
385,Women,Jeans,138.81,2020-03-13
386,Women,Dresses,224.13,2016-12-09
387,Women,Lingerie,223.67,2024-11-25
388,Accessories,Bags,90.13,not_a_date
389,Accessories,Bags,134.8,2018.04.21
390,Women,Tops,175.16,07-11-2020
391,Shoes,Sneakers,250.49,2019-01-05
392,Women,Outerwear,190.38,2016/07/19
393,Men,Outerwear,207.85,2023-10-01
394,Kids,Shoes,91.7,2023-11-10
395,Shoes,Boots,210.77,2023-05-08
396,Accessories,Hats,152.88,2018/09/08
397,Women,Outerwear,206.12,2017-07-25
398,Women,Outerwear,212.93,2015-07-01
399,Men,Suits,133.42,2022-04-26
400,Men,Jeans,118.19,2018-04-12
401,Accessories,Hats,102.97,2023-12-04
402,Shoes,Loafers,185.85,2023-09-13
403,Men,T-Shirts,191.45,2016-04-13
404,Accessories,Scarves,149.28,2024-03-03
405,Kids,Sleepwear,86.51,2016-05-27
406,Kids,Shoes,122.2,2019-11-27
407,Kids,Sleepwear,120.79,28-09-2019
408,Women,Lingerie,190.95,2024/07/25
409,Accessories,Bags,95.34,2021/07/29
410,Women,Jeans,250.89,2023-10-03
411,Women,Dresses,177.25,16-12-2020
412,Men,Shirts,165.05,2024-13-40
413,Men,Outerwear,146.42,2023-07-10
414,Women,Tops,139.96,2023-08-07
415,Women,Jeans,113.91,2019/02/12
416,Shoes,Heels,254.81,2018-10-26
417,Accessories,Scarves,96.5,2024/11/06
418,Women,Lingerie,317.68,2022-07-26
419,Men,T-Shirts,116.56,2024-03-04
420,Kids,Bottoms,61.71,2020/10/10
421,Accessories,Belts,135.3,2024-04-16
422,Shoes,Sandals,304.11,2022/03/14
423,Shoes,Sneakers,223.55,2022/06/05
424,Kids,Outerwear,102.88,2016/10/11
425,Kids,Outerwear,48.52,2020/09/01
426,Women,Tops,149.51,2022-04-25
427,Accessories,Scarves,87.79,2022/08/11
428,Accessories,Belts,63.15,2024.07.30
429,Women,Tops,185.26,2018-04-09
430,Shoes,Sandals,96.64,2018-01-10
431,Women,Tops,120.5,11-09-2024
432,Shoes,Sandals,190.45,2024-11-11
433,Accessories,Bags,95.06,2016-10-19
434,Women,Jeans,197.84,2018-10-14
435,Kids,Shoes,96.88,2024-06-25
436,Women,Tops,220.22,2016/12/30
437,Kids,Sleepwear,106.93,2022-10-31
438,Accessories,Scarves,154.22,15/02/2016
439,Women,Lingerie,179.91,2016-10-13
440,Men,Jeans,172.14,2022-11-07
441,Accessories,Scarves,135.35,2021-01-28
442,Men,T-Shirts,165.67,2020-07-19
443,Women,Activewear,162.13,2023-07-27
444,Kids,Tops,82.52,2018/01/26
445,Kids,Shoes,71.6,2020-01-13
446,Shoes,Sneakers,243.19,2021-01-31
447,Men,Activewear,156.24,2022.05.26
448,Accessories,Hats,100.1,28-04-2018
449,Kids,Outerwear,75.1,2021/05/03
450,Men,Activewear,111.58,2019-06-26
451,Accessories,Bags,149.37,
452,Accessories,Hats,122.36,2023/08/18
453,Kids,Shoes,70.59,2018-12-09
454,Women,Jeans,216.38,2021-09-06
455,Kids,Bottoms,77.39,2024-06-03
456,Kids,Shoes,58.35,2022/08/17
457,Women,Dresses,225.96,20-11-2024
458,Shoes,Heels,190.46,2020/11/01
459,Accessories,Hats,107.73,2017-10-26
460,Women,Jeans,181.85,2024-11-30
461,Shoes,Loafers,282.84,2021-06-12
462,Women,Jeans,180.9,2017/05/31
463,Shoes,Loafers,154.05,2018-03-04
464,Kids,Tops,102.24,2017-08-16
465,Women,Activewear,158.18,2023-05-04
466,Accessories,Hats,176.64,2015-12-05
467,Women,Tops,179.95,2022/05/26
468,Kids,Bottoms,39.71,2020-07-16
469,Women,Activewear,196.08,2015-09-26
470,Accessories,Scarves,178.34,2021-02-18
471,Shoes,Sandals,306.68,2022/07/14
472,Accessories,Bags,174.93,2022-04-05
473,Kids,Outerwear,67.06,14-04-2020
474,Kids,Shoes,110.52,10-05-2018
475,Shoes,Sneakers,180.29,2016-08-21
476,Shoes,Heels,232.34,14-02-2015
477,Accessories,Hats,81.81,2018-08-06
478,Women,Lingerie,151.0,2021-04-28
479,Shoes,Boots,182.81,2015/05/18
480,Women,Jeans,220.43,27-12-2024
481,Men,Suits,192.03,2020-11-10
482,Accessories,Bags,128.3,
483,Men,Suits,105.98,2024-08-15
484,Shoes,Loafers,202.86,2016/11/02
485,Kids,Sleepwear,73.21,2024-07-30
486,Men,Activewear,194.79,2017.10.26
487,Men,Suits,207.13,
488,Kids,Sleepwear,113.77,2019/04/04
489,Shoes,Loafers,178.46,2024-12-13
490,Shoes,Heels,69.33,2017/07/05
491,Accessories,Hats,66.99,2024/09/23
492,Accessories,Scarves,162.65,2018-06-21
493,Shoes,Sneakers,197.93,2017.11.07
494,Shoes,Loafers,178.71,20-05-2021
495,Men,Suits,225.71,2021-12-09
496,Kids,Sleepwear,118.47,2018-06-14
497,Women,Tops,181.1,04-05-2016
498,Men,Outerwear,148.26,2018/12/17
499,Accessories,Hats,116.04,2020/05/28
500,Kids,Sleepwear,95.11,2015.05.27
501,Women,Activewear,252.0,2015-10-15
502,Shoes,Sandals,243.24,07-03-2024
503,Accessories,Jewelry,141.78,2015-05-12
504,Accessories,Jewelry,155.08,2019-01-26
505,Men,Suits,113.21,2022-08-22
506,Kids,Bottoms,106.98,2018-04-13
507,Kids,Outerwear,83.37,2019-12-13
508,Men,Outerwear,59.36,2015-11-12
509,Men,Activewear,74.87,12-12-2022
510,Men,Suits,119.28,2021-05-05
511,Accessories,Belts,135.94,2023-07-09
512,Shoes,Heels,226.26,2023-08-22
513,Accessories,Bags,125.53,2018/07/05
514,Accessories,Scarves,178.53,31/05/2015
515,Accessories,Hats,81.93,2018-06-19
516,Women,Jeans,178.77,2016-06-14
517,Accessories,Hats,129.13,2020-05-02
518,Women,Tops,146.87,2016-06-18
519,Kids,Outerwear,90.64,2024/03/21
520,Kids,Sleepwear,54.0,2021-01-09
521,Men,Outerwear,216.4,2017-07-13
522,Women,Dresses,149.33,19-03-2024
523,Women,Jeans,271.41,2022-09-12
524,Accessories,Bags,119.03,2019-05-19
525,Men,Outerwear,201.12,2016-06-19
526,Men,Activewear,157.87,2018-06-09
527,Accessories,Bags,119.08,2020.11.03
528,Women,Activewear,153.72,2022-08-29
529,Accessories,Belts,123.57,2017/08/14
530,Accessories,Jewelry,129.54,2022-06-05
531,Kids,Sleepwear,72.35,2017-10-30
532,Women,Tops,174.37,20-06-2017
533,Women,Outerwear,152.55,2019-06-21
534,Men,Shirts,251.99,2016-08-10
535,Kids,Tops,87.98,2019.01.18
536,Women,Lingerie,249.54,2018-07-31
537,Kids,Shoes,85.6,2017-10-19
538,Women,Dresses,191.67,2022-10-04
539,Kids,Bottoms,60.27,2018-04-26
540,Women,Tops,159.88,2021-12-14
541,Shoes,Boots,231.58,2022-03-16
542,Women,Tops,251.37,2021.08.29
543,Women,Tops,189.99,2017-09-10
544,Women,Outerwear,242.27,2023-04-18
545,Accessories,Bags,139.22,2017-05-14
546,Women,Lingerie,253.23,2017-10-09
547,Kids,Sleepwear,88.67,
548,Kids,Sleepwear,143.78,2018/05/25
549,Kids,Tops,79.08,21-12-2021
550,Shoes,Sandals,177.84,2015-06-04
551,Accessories,Jewelry,83.7,2021/02/22
552,Men,Jeans,253.24,2023-09-09
553,Accessories,Scarves,144.58,2022-02-01
554,Men,Outerwear,146.64,2020-10-28
555,Accessories,Scarves,157.47,2023-06-29
556,Kids,Outerwear,105.47,2017-12-25
557,Shoes,Loafers,328.14,2018/10/08
558,Accessories,Bags,73.57,2015-09-11
559,Shoes,Boots,205.41,26-12-2021
560,Accessories,Belts,106.12,27-03-2022
561,Kids,Bottoms,45.59,2022-07-07
562,Women,Tops,227.71,2022-06-28
563,Kids,Bottoms,83.92,2016-04-10
564,Women,Dresses,213.28,2021-08-30
565,Accessories,Scarves,190.79,2022-08-20
566,Men,Activewear,145.87,2017.01.14
567,Men,Suits,143.15,2019/10/07
568,Men,Suits,164.75,2024-02-18
569,Shoes,Sneakers,274.3,
570,Kids,Tops,77.25,2022-07-14
571,Accessories,Hats,101.07,2020-04-21
572,Kids,Outerwear,113.79,30-07-2021
573,Men,Jeans,175.15,2021/04/07
574,Women,Activewear,87.99,2021-07-05
575,Women,Outerwear,124.86,2022/10/18
576,Men,Suits,220.05,2024-01-17
577,Accessories,Bags,132.06,2017-12-16
578,Kids,Shoes,72.85,2024-04-14
579,Accessories,Belts,114.89,2021.04.12
580,Women,Jeans,180.6,2020/12/15
581,Women,Jeans,213.11,2018-04-12
582,Accessories,Jewelry,79.25,2019-03-03
583,Women,Tops,142.16,2021-07-08
584,Women,Tops,192.28,2018.08.21
585,Kids,Bottoms,87.75,
586,Accessories,Belts,137.16,2023-03-12
587,Shoes,Sneakers,152.38,2019-02-26
588,Women,Tops,196.07,12-06-2021
589,Accessories,Belts,152.75,2015-04-24
590,Accessories,Hats,134.6,2015-10-10
591,Accessories,Belts,124.17,2023-06-26
592,Accessories,Belts,117.12,2016.06.03
593,Men,Suits,126.61,2022.12.17
594,Accessories,Belts,117.84,2024/01/02
595,Men,T-Shirts,210.39,25-10-2019
596,Accessories,Scarves,116.43,2023-11-06
597,Kids,Tops,69.98,2019-04-10
598,Shoes,Boots,192.93,2024-07
599,Shoes,Sneakers,231.05,2017-05-16
600,Shoes,Boots,199.46,2019/04/12
601,Shoes,Boots,246.69,2018-11-21
602,Shoes,Sneakers,248.76,2022-11-04
603,Shoes,Sneakers,268.89,2015/06/09
604,Women,Jeans,244.06,2023-04-14
605,Accessories,Scarves,149.88,2015/03/27
606,Kids,Bottoms,68.98,27-02-2018
607,Men,T-Shirts,123.86,2020-12-17
608,Kids,Bottoms,88.3,2016-06-14
609,Accessories,Jewelry,106.46,2019/11/26
610,Accessories,Belts,85.85,2024-12-21
611,Accessories,Hats,106.75,2023/03/27
612,Kids,Sleepwear,79.32,2015-04-21
613,Shoes,Sneakers,183.05,2020-12-01
614,Men,T-Shirts,147.37,2020-12-22
615,Shoes,Boots,284.81,2015-09-07
616,Shoes,Heels,230.96,2021/07/03
617,Men,Activewear,258.87,2020-03-18
618,Men,Activewear,166.82,2021-10-26
619,Women,Dresses,166.95,2017-12-22
620,Women,Lingerie,180.19,22/07/2017
621,Kids,Sleepwear,95.77,12-05-2022
622,Kids,Shoes,99.79,2022-03-20
623,Women,Jeans,273.45,2016-08-13
624,Kids,Sleepwear,70.98,01/03/2017
625,Shoes,Heels,267.25,2020-11-11
626,Men,T-Shirts,168.31,2023-04-17
627,Men,Suits,97.16,2017-01-07
628,Men,T-Shirts,190.83,2017/03/11
629,Kids,Outerwear,118.52,2023-01-29
630,Men,Suits,125.71,2021.12.20
631,Shoes,Boots,219.51,2024-01-10
632,Men,Outerwear,90.99,01-11-2022
633,Kids,Sleepwear,61.68,2024-07-14
634,Men,Shirts,201.92,2016-11-21
635,Women,Activewear,159.01,20-09-2017
636,Shoes,Sneakers,159.02,2017/05/19
637,Men,Activewear,169.18,22/07/2015
638,Men,Outerwear,139.1,2022.10.17
639,Shoes,Heels,194.1,2021-08-14
640,Accessories,Hats,142.18,
641,Shoes,Heels,156.1,2016.12.24
642,Accessories,Hats,92.84,
643,Accessories,Hats,124.62,
644,Kids,Outerwear,111.81,2019-07-23
645,Shoes,Sandals,288.1,2017-11-21
646,Men,Activewear,133.4,2024-04-20
647,Kids,Sleepwear,111.09,2017-02-16
648,Kids,Shoes,72.36,2020/08/14
649,Accessories,Jewelry,174.79,2019-05-19
650,Accessories,Bags,85.99,17-11-2018
651,Kids,Sleepwear,119.89,2023/04/05
652,Shoes,Boots,183.89,2024-10-13
653,Men,Jeans,240.53,2015-01-22
654,Accessories,Scarves,137.74,
655,Kids,Tops,67.14,2016-03-11
656,Kids,Shoes,78.25,04-05-2019
657,Shoes,Sandals,262.96,2021/03/04
658,Shoes,Loafers,277.9,2019-02-12
659,Women,Activewear,176.82,2018/02/03
660,Men,T-Shirts,161.79,2018/02/14
661,Women,Dresses,214.13,2017-12-31
662,Shoes,Loafers,227.25,2018-04-04
663,Women,Dresses,121.79,2018/09/28
664,Men,Jeans,127.48,2021-11-17
665,Kids,Tops,95.29,2015-12-17
666,Shoes,Heels,286.85,2015-05-30
667,Kids,Sleepwear,126.36,2020.03.02
668,Accessories,Belts,143.39,2021-10-26
669,Accessories,Jewelry,128.62,2017-08-03
670,Women,Outerwear,213.7,05-01-2017
671,Accessories,Scarves,100.0,2021-04-01
672,Shoes,Loafers,211.57,
673,Shoes,Heels,174.67,2022.05.12
674,Women,Jeans,123.81,2016-06-19
675,Shoes,Loafers,238.35,2016.03.18
676,Shoes,Heels,230.2,2020/07/12
677,Kids,Sleepwear,105.47,2018-12-04
678,Women,Tops,204.58,2022-04-18
679,Kids,Bottoms,95.46,2020/01/23
680,Accessories,Bags,136.7,2018-07-19
681,Shoes,Boots,217.65,2016-08-06
682,Women,Tops,198.58,2016/08/19
683,Accessories,Scarves,98.22,2022/07/24
684,Accessories,Bags,131.09,2017-04-07
685,Women,Outerwear,210.08,
686,Accessories,Jewelry,99.91,2023.03.08
687,Kids,Sleepwear,91.17,2023-12-24
688,Kids,Outerwear,75.97,2017-09-04
689,Kids,Tops,78.15,2016-02-05
690,Shoes,Loafers,158.13,2022-09-30
691,Accessories,Bags,157.97,2021-11-15
692,Shoes,Sandals,278.61,2018-04-24
693,Accessories,Scarves,136.12,08/12/2020
694,Accessories,Bags,179.17,20/11/2016
695,Women,Activewear,171.48,2022/01/03
696,Men,Jeans,281.27,10-04-2022
697,Shoes,Boots,207.49,
698,Kids,Shoes,95.74,2019-09-08
699,Women,Lingerie,162.1,2018-05-05
700,Women,Tops,196.75,2015-04-25
701,Kids,Shoes,108.8,2016-04-10
702,Shoes,Loafers,213.73,2024-08-07
703,Women,Activewear,259.95,2019-07-24
704,Women,Dresses,190.76,2016-06-23
705,Women,Tops,192.17,2015-06-11
706,Kids,Sleepwear,69.55,2018-07-14
707,Women,Lingerie,198.83,2024-10-30
708,Kids,Shoes,86.98,2018-11-06
709,Kids,Outerwear,76.31,2024-12-30
710,Kids,Bottoms,72.53,2019-11-23
711,Shoes,Loafers,366.95,2022-08-22
712,Kids,Bottoms,84.07,2022-11-09
713,Shoes,Boots,139.87,2015-04-13
714,Shoes,Loafers,181.6,2015/01/23
715,Accessories,Hats,118.45,2024-03-23
716,Shoes,Boots,250.07,2024-04-29
717,Kids,Tops,102.48,29-04-2016
718,Kids,Outerwear,105.22,2021-06-17
719,Men,T-Shirts,134.21,2024/03/28
720,Kids,Outerwear,97.66,2024/07/04
721,Women,Activewear,140.58,2017-12-18
722,Accessories,Belts,101.41,05-03-2023
723,Accessories,Scarves,92.47,2021/06/19
724,Women,Activewear,126.52,2024-04-12
725,Shoes,Sandals,278.53,2016-06-19
726,Women,Activewear,210.99,04-01-2021
727,Shoes,Heels,273.72,31-03-2015
728,Women,Jeans,181.77,2018-07-29
729,Kids,Sleepwear,107.48,2015-02-11
730,Shoes,Loafers,123.13,06-06-2019
731,Shoes,Loafers,267.47,2023.02.10
732,Kids,Bottoms,93.99,2021-07-31
733,Accessories,Scarves,138.81,2018-03-03
734,Shoes,Sneakers,240.9,
735,Men,Activewear,120.52,2018-09-04
736,Shoes,Heels,137.61,2022.04.26
737,Shoes,Boots,180.84,2017-08-30
738,Men,T-Shirts,182.6,2015-12-02
739,Shoes,Loafers,257.96,2020-01-26
740,Accessories,Bags,78.96,2023/04/20
741,Accessories,Belts,90.57,2019-10-09
742,Shoes,Boots,180.22,2017.01.15
743,Shoes,Loafers,200.35,2015-06-18
744,Men,Activewear,105.52,10-06-2024
745,Shoes,Sandals,141.79,2022/08/10
746,Men,Suits,127.13,2016-07-22
747,Kids,Sleepwear,91.94,2015-09-28
748,Men,Shirts,112.78,16/04/2016
749,Men,Shirts,155.37,07-10-2018
750,Women,Jeans,227.63,2023-02-13
751,Accessories,Belts,80.95,2016-08-07
752,Women,Activewear,170.71,2023-03-10
753,Women,Dresses,226.11,2015/01/07
754,Accessories,Belts,107.45,22-05-2022
755,Kids,Bottoms,77.09,2017-10-28
756,Kids,Tops,116.18,09-08-2024
757,Shoes,Sneakers,203.16,2019-10-05
758,Men,Jeans,204.18,2017/09/15
759,Women,Outerwear,199.3,2017-06-06
760,Shoes,Heels,201.14,2023-04-08
761,Women,Jeans,201.59,2019-01-12
762,Kids,Outerwear,97.21,2018-07-10
763,Accessories,Scarves,150.63,2022-05-11
764,Accessories,Jewelry,103.55,2020/05/17
765,Men,Activewear,161.65,2021-08-21
766,Shoes,Sandals,216.62,2019-06-16
767,Shoes,Sandals,258.73,2015-08-22
768,Kids,Sleepwear,66.93,2015-01-22
769,Women,Dresses,225.76,2015-05-23
770,Men,T-Shirts,178.65,2020-09-29
771,Shoes,Sneakers,147.57,2020/02/20
772,Accessories,Hats,156.25,2022/06/23
773,Women,Outerwear,280.53,2023-12-13
774,Shoes,Heels,275.1,2016/09/29
775,Accessories,Belts,162.81,2024-07-28
776,Accessories,Jewelry,122.56,2024-04-26
777,Kids,Tops,52.62,2021-02-28
778,Women,Tops,97.01,2020-04-21
779,Men,T-Shirts,170.2,2016-10-07
780,Accessories,Scarves,102.24,2016/10/13
781,Accessories,Bags,92.56,10-03-2015
782,Shoes,Sandals,216.55,2021-06-17
783,Women,Lingerie,207.7,02-05-2019
784,Women,Dresses,114.63,2016-12-02
785,Kids,Outerwear,79.9,2016/05/03
786,Kids,Outerwear,123.97,2015-08-21
787,Women,Dresses,131.61,2021-05-30
788,Shoes,Boots,267.84,2021-11-08
789,Kids,Tops,79.09,
790,Women,Tops,204.56,2016-02-09
791,Women,Jeans,229.38,2015-06-01
792,Kids,Outerwear,106.68,2016-01-24
793,Shoes,Boots,270.0,2022-07-08
794,Accessories,Belts,85.45,2022/05/27
795,Kids,Tops,115.06,13/12/2017
796,Men,Suits,125.89,2015-07-21
797,Accessories,Belts,127.79,
798,Kids,Shoes,95.81,2023/02/06
799,Men,Activewear,179.4,2016-06-07
800,Kids,Shoes,97.58,2022-12-18
801,Women,Outerwear,142.03,2019/08/20
802,Men,Jeans,106.01,2016.05.31
803,Kids,Sleepwear,109.63,2024-05-04
804,Accessories,Belts,125.58,2020/03/08
805,Shoes,Sneakers,283.22,2021-09-19
806,Shoes,Boots,217.54,2015-12-19
807,Kids,Bottoms,58.38,2018/09/19
808,Women,Dresses,223.48,2021/04/29
809,Men,Shirts,145.19,2021-06-15
810,Accessories,Jewelry,130.26,18-08-2015
811,Women,Outerwear,150.86,2021-01-16
812,Accessories,Hats,169.33,2024-06-12
813,Shoes,Loafers,171.79,12-11-2022
814,Men,Jeans,146.5,28/01/2017
815,Shoes,Heels,225.91,2024-02-16
816,Accessories,Jewelry,87.23,2021-10-30
817,Women,Outerwear,194.87,2015-07-28
818,Women,Jeans,252.54,2016-04-13
819,Shoes,Boots,193.02,2024-03-19
820,Accessories,Bags,131.85,2017-02-04
821,Women,Dresses,56.28,
822,Shoes,Sneakers,217.86,2019-07-06
823,Women,Activewear,165.91,2020-04-04
824,Shoes,Sandals,174.98,2020/09/24
825,Shoes,Heels,279.48,2021-08-03
826,Women,Activewear,165.32,2024-12-27
827,Shoes,Sneakers,210.24,2022-08-05
828,Accessories,Belts,108.68,2015/04/05
829,Accessories,Belts,62.5,2015-11-20
830,Women,Lingerie,129.06,2015.01.02
831,Men,Activewear,198.44,2018-12-14
832,Men,T-Shirts,75.6,2018/07/03
833,Kids,Bottoms,72.76,03-05-2024
834,Women,Lingerie,162.01,30-08-2018
835,Accessories,Bags,172.31,2015-04-22
836,Shoes,Boots,262.27,2023-11-03
837,Accessories,Hats,103.28,2017-08-08
838,Women,Dresses,238.7,2024/02/16
839,Women,Lingerie,146.68,2022-09-30
840,Accessories,Jewelry,150.27,2023-10-22
841,Men,Activewear,105.64,2023-03-14
842,Shoes,Boots,279.03,2016/06/07
843,Accessories,Bags,107.82,2021-04-06
844,Women,Outerwear,133.72,
845,Women,Outerwear,170.23,15-04-2021
846,Women,Activewear,192.48,2022.06.17
847,Women,Outerwear,157.74,2020-01-04
848,Women,Dresses,204.93,15-02-2018
849,Accessories,Bags,102.51,01/03/2024
850,Shoes,Sandals,254.12,2021-08-19
851,Accessories,Bags,133.27,2023.11.09
852,Accessories,Jewelry,118.17,16-05-2017
853,Accessories,Bags,106.76,2023.05.21
854,Men,Suits,166.06,27-03-2018
855,Men,T-Shirts,182.01,2019-08-10
856,Accessories,Hats,181.85,2023-08-10
857,Men,Shirts,197.58,2018.07.19
858,Women,Lingerie,223.92,04-07-2017
859,Shoes,Sneakers,389.87,2024-02-27
860,Accessories,Hats,135.48,2024/08/23
861,Accessories,Jewelry,134.54,10-02-2018
862,Accessories,Scarves,141.12,2018-01-23
863,Women,Dresses,134.6,2017/04/11
864,Shoes,Loafers,195.59,2015-03-27
865,Accessories,Bags,104.81,
866,Shoes,Sandals,255.62,2017/07/20
867,Accessories,Scarves,114.77,2023-06-29
868,Accessories,Belts,124.15,2016-09-17
869,Kids,Outerwear,114.47,2021.05.09
870,Women,Dresses,218.84,2020-01-26
871,Kids,Shoes,86.36,2021-02-13
872,Men,Jeans,133.2,16/02/2016
873,Women,Tops,231.09,2019-09-01
874,Women,Outerwear,214.83,2021-04-05
875,Shoes,Sandals,131.66,2018-05-30
876,Kids,Outerwear,82.95,2023-10-02
877,Kids,Outerwear,93.72,2020-04-18
878,Shoes,Heels,262.84,2018-08-17
879,Kids,Shoes,110.48,23-04-2015
880,Shoes,Boots,235.61,2016.09.07
881,Women,Activewear,206.34,2019/10/07
882,Accessories,Scarves,121.92,2019-01-01
883,Kids,Shoes,74.84,2023-09-19
884,Women,Lingerie,168.24,2022.11.11
885,Accessories,Scarves,120.57,2016.08.03
886,Shoes,Boots,218.09,2020-11-30
887,Women,Activewear,95.15,2019/07/18
888,Women,Activewear,162.11,2016/01/05
889,Women,Tops,182.53,2021-08-29
890,Men,Suits,148.75,2020.05.16
891,Women,Tops,168.89,2015-11-16
892,Shoes,Heels,246.84,2019-09-06
893,Kids,Sleepwear,65.72,2022-04-26
894,Accessories,Bags,71.16,2018-04-09
895,Shoes,Boots,200.85,27/07/2018
896,Shoes,Sandals,262.03,2016-02-07
897,Kids,Outerwear,127.97,16/01/2017
898,Women,Lingerie,215.2,2024-10-24
899,Women,Dresses,113.93,2021-03-17
900,Shoes,Sandals,207.22,2016-10-05
901,Women,Activewear,191.55,2019.10.30
902,Women,Lingerie,187.99,2016-12-05
903,Men,Shirts,181.57,2019-06-06
904,Accessories,Jewelry,92.49,2016-06-15
905,Kids,Bottoms,91.46,2021-03-10
906,Shoes,Boots,243.12,2020-09-13
907,Kids,Bottoms,108.58,2021-05-02
908,Women,Outerwear,143.74,2019-06-09
909,Men,Activewear,146.19,2017/11/10
910,Women,Jeans,58.33,2017/06/30
911,Shoes,Sneakers,185.82,
912,Women,Lingerie,156.4,18-04-2019
913,Men,Jeans,119.22,2019/07/08
914,Accessories,Bags,124.97,2021-09-26
915,Kids,Outerwear,88.74,2015/07/11
916,Kids,Outerwear,39.17,2017.10.26
917,Kids,Sleepwear,94.85,2023-07-12
918,Shoes,Loafers,168.94,2024/02/26
919,Men,Shirts,179.43,2024-04-23
920,Shoes,Boots,149.5,2018-01-24
921,Accessories,Hats,120.9,2016-05-15
922,Kids,Sleepwear,83.63,2016/12/24
923,Kids,Sleepwear,96.82,2016-04-26
924,Women,Jeans,185.61,2024.07.19
925,Men,Activewear,149.79,02-11-2023
926,Accessories,Jewelry,73.91,2023-02-08
927,Kids,Outerwear,56.76,2022-04-19
928,Men,T-Shirts,136.64,2018-06-07
929,Kids,Sleepwear,89.81,2019-10-04
930,Kids,Bottoms,76.31,2023-06-01
931,Kids,Bottoms,104.07,2023-02-22
932,Shoes,Sandals,204.64,2020-03-10
933,Men,Jeans,121.4,2023-05-18
934,Shoes,Boots,204.7,2018-06-20
935,Kids,Bottoms,95.08,19-02-2019
936,Accessories,Scarves,129.75,26/05/2023
937,Women,Tops,264.53,2018-10-07
938,Women,Outerwear,149.9,2022-07-10
939,Kids,Shoes,88.35,2019-07-14
940,Kids,Shoes,99.59,2017-12-24
941,Shoes,Loafers,218.71,2017/03/10
942,Kids,Tops,78.74,25/01/2021
943,Accessories,Hats,73.52,2019-10-19
944,Kids,Bottoms,78.51,2018/09/11
945,Women,Lingerie,131.68,2022-06-07
946,Women,Activewear,102.3,04-01-2015
947,Accessories,Belts,96.13,2015-12-03
948,Women,Outerwear,132.88,2024-08-14
949,Accessories,Scarves,137.51,2021/08/20
950,Men,Outerwear,184.04,2020-06-30
951,Women,Jeans,139.33,2015.02.23
952,Men,Shirts,149.59,2020-12-26
953,Shoes,Heels,117.8,08-05-2019
954,Kids,Bottoms,78.88,31-12-2020
955,Shoes,Loafers,241.94,2015.05.30
956,Shoes,Loafers,265.37,2020-07-04
957,Kids,Sleepwear,73.96,2020-10-11
958,Shoes,Sneakers,277.85,2017-11-25
959,Accessories,Jewelry,74.53,
960,Kids,Bottoms,61.93,2024-09-19
961,Women,Jeans,211.93,2022-02-04
962,Kids,Shoes,127.6,2021-03-20
963,Accessories,Jewelry,134.8,2022/09/03
964,Men,Shirts,158.39,2021-09-16
965,Accessories,Belts,54.14,2016/05/05
966,Kids,Sleepwear,44.49,2019-07-20
967,Shoes,Heels,227.12,21-11-2023
968,Men,Jeans,145.68,2017-11-17
969,Accessories,Hats,86.82,2024-09-21
970,Women,Lingerie,182.95,2015-08-24
971,Men,Jeans,164.61,2018-04-23
972,Kids,Sleepwear,111.25,2018/07/03
973,Kids,Sleepwear,93.07,2021.03.05
974,Kids,Shoes,117.64,2016-10-05
975,Women,Tops,180.36,2017.04.17
976,Men,Jeans,155.39,15-08-2021
977,Women,Outerwear,227.89,2017.11.05
978,Kids,Outerwear,67.99,2023/10/17
979,Men,Outerwear,272.58,2023-09-14
980,Kids,Sleepwear,98.44,not_a_date
981,Kids,Sleepwear,98.57,2020.08.07
982,Shoes,Boots,248.88,2018-05-01
983,Kids,Sleepwear,132.24,2018-06-13
984,Shoes,Boots,263.59,2021-09-14
985,Kids,Outerwear,53.89,2017/12/06
986,Shoes,Sneakers,297.19,2016/06/29
987,Shoes,Boots,201.25,2017/08/04
988,Men,T-Shirts,164.29,2024/04/18
989,Men,Outerwear,108.83,2017-08-05
990,Shoes,Sandals,248.94,22-08-2018
991,Men,Shirts,133.95,2021/04/16
992,Kids,Sleepwear,92.25,2016.01.05
993,Women,Jeans,167.22,2017/09/07
994,Kids,Sleepwear,133.31,2016-09-30
995,Kids,Shoes,134.6,30/03/2024
996,Shoes,Heels,222.56,2024-04-30
997,Kids,Tops,91.44,2022-07-23
998,Men,Outerwear,145.06,2017.06.21
999,Accessories,Bags,153.18,2021-03-01
1000,Kids,Outerwear,82.6,2021-08-16
1001,Accessories,Bags,107.36,2023-09-11
1002,Shoes,Sandals,273.82,2016-07-24
1003,Kids,Bottoms,77.89,2022-05-13
1004,Accessories,Belts,118.87,2016/12/10
1005,Women,Dresses,108.84,2020-09-08
1006,Accessories,Jewelry,141.13,
1007,Accessories,Jewelry,178.23,2015-08-15
1008,Kids,Shoes,106.23,2016-06-24
1009,Shoes,Sneakers,300.4,
1010,Kids,Bottoms,70.96,2015/03/10
1011,Men,T-Shirts,169.45,2021-11-07
1012,Shoes,Heels,168.13,2020/01/06
1013,Men,Shirts,150.89,2018/06/20
1014,Men,Shirts,190.89,2023-08-18
1015,Kids,Bottoms,92.29,29-06-2023
1016,Accessories,Jewelry,77.62,2018-04-05
1017,Men,Jeans,107.4,2015-01-17
1018,Kids,Shoes,58.92,2016.04.13
1019,Women,Activewear,202.12,2016-01-28
1020,Women,Lingerie,272.88,2024-10-28
1021,Women,Activewear,241.31,2020-12-20
1022,Women,Tops,94.68,08-10-2021
1023,Accessories,Jewelry,162.63,2017/04/23
1024,Accessories,Bags,148.09,05-07-2023
1025,Accessories,Belts,73.64,2022-03-24
1026,Women,Tops,166.36,2022-07-10
1027,Women,Dresses,229.3,2019-09-07
1028,Men,Shirts,182.02,25-12-2021
1029,Kids,Tops,60.55,2020-06-10
1030,Men,Shirts,184.43,2018-11-05
1031,Kids,Bottoms,41.91,2020/12/11
1032,Women,Dresses,169.97,30-03-2018
1033,Shoes,Sneakers,282.59,2024/07/12
1034,Men,T-Shirts,160.74,2022-03-04
1035,Women,Dresses,157.55,2022.05.23
1036,Shoes,Sneakers,268.91,03-03-2022
1037,Accessories,Bags,149.24,2019-06-26
1038,Women,Dresses,238.95,2024/07/04
1039,Kids,Outerwear,109.67,29-01-2017
1040,Accessories,Jewelry,152.44,2020-09-08
1041,Shoes,Sandals,260.31,2015-09-11
1042,Accessories,Hats,127.97,2017-12-12
1043,Kids,Tops,92.01,2020-09-29
1044,Men,Suits,150.51,2019-11-24
1045,Shoes,Sneakers,153.32,2024-05-31
1046,Women,Outerwear,137.01,2021-02-19
1047,Men,Outerwear,148.72,2019/02/12
1048,Shoes,Loafers,233.28,2019/04/08
1049,Shoes,Boots,299.24,2021-02-12
1050,Women,Outerwear,178.12,2022-11-30
1051,Kids,Outerwear,112.58,2017-10-07
1052,Men,Activewear,203.17,2020-11-05
1053,Kids,Shoes,84.79,30/09/2020
1054,Accessories,Scarves,137.84,2015-02-04
1055,Women,Jeans,169.04,2024/02/17
1056,Accessories,Hats,159.66,2020-09-12
1057,Kids,Sleepwear,104.31,2017-06-03
1058,Shoes,Boots,154.52,2021-05-03
1059,Kids,Tops,93.63,12/10/2021
1060,Men,Outerwear,225.92,2024-02-26
1061,Shoes,Sneakers,210.03,2015-05-05
1062,Shoes,Sneakers,244.62,2019.02.20
1063,Women,Jeans,204.56,2016-10-20
1064,Shoes,Sandals,162.99,29-09-2020
1065,Shoes,Sandals,248.09,2020/01/07
1066,Men,Jeans,104.25,2019/10/02
1067,Accessories,Hats,101.23,2024-10-27
1068,Shoes,Sneakers,279.16,2020.04.26
1069,Men,Suits,174.27,2019-02-10
1070,Women,Tops,166.3,2015-09-03
1071,Shoes,Sandals,244.56,2017/11/23
1072,Men,T-Shirts,157.6,2023-12-22
1073,Shoes,Sandals,220.69,08-07-2019
1074,Kids,Bottoms,104.78,08/02/2024
1075,Kids,Shoes,73.63,2020-04-29
1076,Women,Activewear,181.82,
1077,Shoes,Sandals,202.83,2019/04/20
1078,Women,Lingerie,108.65,26-07-2020
1079,Kids,Shoes,69.29,01-09-2015
1080,Accessories,Bags,167.05,2015-07-30
1081,Accessories,Jewelry,131.54,2019-10-05
1082,Accessories,Scarves,80.29,2020-12-24
1083,Accessories,Belts,73.79,2020-07-05
1084,Kids,Bottoms,87.48,2019/04/17
1085,Men,Suits,222.45,10-12-2017
1086,Accessories,Belts,114.4,2022-02-03
1087,Accessories,Hats,159.21,18/01/2021
1088,Accessories,Scarves,130.56,2015-06-22
1089,Shoes,Sandals,245.92,11-07-2019
1090,Women,Lingerie,119.89,2022-02-09
1091,Kids,Tops,111.09,2022/11/04
1092,Kids,Bottoms,82.46,14-11-2017
1093,Accessories,Jewelry,145.89,2024-04-01
1094,Men,Activewear,127.43,2021-07-08
1095,Men,Jeans,167.08,2019-05-18
1096,Women,Tops,195.84,09-04-2021
1097,Accessories,Belts,115.38,2023-09-19
1098,Shoes,Heels,242.25,2017-04-08
1099,Women,Tops,168.01,2016-07-03
1100,Kids,Sleepwear,75.4,28-05-2019
1101,Kids,Outerwear,126.12,
1102,Kids,Sleepwear,113.6,11-05-2023
1103,Accessories,Bags,97.17,2024/09/15
1104,Women,Outerwear,205.58,2021.01.21
1105,Men,T-Shirts,130.29,19-10-2024
1106,Women,Dresses,126.69,2015-09-09
1107,Men,Jeans,201.35,2021-04-29
1108,Accessories,Scarves,68.88,2019/06/06
1109,Accessories,Scarves,147.81,2017-10-10
1110,Women,Activewear,168.63,2018-02-12
1111,Shoes,Heels,208.36,
1112,Men,Suits,176.39,
1113,Women,Outerwear,206.15,2016-08-22
1114,Men,Shirts,126.95,2021/02/23
1115,Women,Activewear,212.3,2024-04-07
1116,Kids,Outerwear,92.55,2015.02.07
1117,Accessories,Bags,82.32,2023-10-14
1118,Kids,Outerwear,86.18,2021-01-28
1119,Shoes,Heels,295.97,2018-06-04
1120,Kids,Tops,127.72,2022.05.08
1121,Women,Lingerie,212.28,2021-03-06
1122,Women,Tops,126.43,2022/09/09
1123,Men,Jeans,179.62,24/10/2015
1124,Men,Outerwear,194.03,2015-08-04
1125,Accessories,Jewelry,141.77,03-06-2021
1126,Accessories,Scarves,143.55,2018/01/14
1127,Accessories,Scarves,130.9,2017/05/20
1128,Shoes,Boots,216.02,2019-03-19
1129,Kids,Shoes,76.31,2022/04/03
1130,Shoes,Loafers,115.61,2016-10-18
1131,Kids,Outerwear,97.64,2024-09-25
1132,Shoes,Heels,230.23,2019-03-17
1133,Shoes,Sneakers,250.67,
1134,Shoes,Sandals,146.44,17/09/2015
1135,Shoes,Loafers,255.48,2023-07-29
1136,Women,Jeans,272.45,2016-02-18
1137,Shoes,Heels,224.31,2019/03/11
1138,Men,Outerwear,157.53,2021/09/08
1139,Shoes,Sneakers,237.0,2020/02/18
1140,Kids,Sleepwear,135.73,2017-08-17
1141,Accessories,Scarves,89.29,2016/01/30
1142,Men,T-Shirts,168.13,11-02-2022
1143,Accessories,Jewelry,96.01,2019-11-27
1144,Accessories,Hats,103.59,2015-06-25
1145,Men,T-Shirts,158.02,2016-10-23
1146,Kids,Outerwear,120.31,2020-08-17
1147,Kids,Sleepwear,130.52,07-09-2016
1148,Shoes,Sandals,244.65,2018.11.30
1149,Shoes,Loafers,199.29,2016-03-30
1150,Accessories,Scarves,194.78,2022-12-21
1151,Men,Shirts,142.9,
1152,Kids,Tops,77.15,2022/11/03
1153,Kids,Outerwear,50.06,2015-07-11
1154,Accessories,Hats,161.88,2018-10-03
1155,Men,Suits,198.73,
1156,Kids,Outerwear,144.4,2021-03-24
1157,Women,Outerwear,117.47,2023-03-20
1158,Accessories,Jewelry,163.75,2017/04/11
1159,Men,Outerwear,162.81,2022-09-12
1160,Men,Outerwear,192.24,2020-10-21
1161,Kids,Outerwear,52.93,2023/03/30
1162,Kids,Outerwear,123.03,2015/10/24
1163,Accessories,Jewelry,143.6,2024-11-28
1164,Kids,Shoes,89.12,2019-05-07
1165,Kids,Outerwear,104.52,20/10/2017
1166,Women,Jeans,145.55,2016-10-29
1167,Women,Outerwear,153.93,2024/11/06
1168,Men,Jeans,141.46,2023-11-01
1169,Accessories,Hats,64.42,2016/04/24
1170,Accessories,Belts,145.85,2019-06-14
1171,Shoes,Sneakers,285.54,2022/05/03
1172,Shoes,Sneakers,181.43,2020/11/28
1173,Men,Activewear,173.93,2016/11/21
1174,Women,Dresses,168.05,2018/08/09
1175,Women,Outerwear,194.77,2018/09/06
1176,Men,Outerwear,134.9,2017-11-20
1177,Men,Outerwear,124.66,2024.08.10
1178,Women,Activewear,227.34,11-01-2017
1179,Men,Activewear,157.45,2022-01-25
1180,Women,Activewear,270.99,
1181,Shoes,Sandals,222.55,2022-12-13
1182,Accessories,Bags,92.22,2022-12-30
1183,Shoes,Boots,287.48,2016-08-03
1184,Kids,Outerwear,104.19,
1185,Kids,Shoes,106.35,31/10/2022
1186,Men,Shirts,207.62,2022-06-20
1187,Women,Dresses,150.62,2022-06-03
1188,Kids,Shoes,87.14,2019-03-09
1189,Kids,Shoes,86.14,2020/03/27
1190,Women,Tops,121.92,2015.02.26
1191,Kids,Outerwear,84.07,2017-11-29
1192,Men,Activewear,213.46,2020-04-14
1193,Women,Tops,190.68,2016-04-04
1194,Shoes,Boots,145.97,2016-04-20
1195,Kids,Bottoms,54.99,2015-06-15
1196,Shoes,Sandals,311.56,2017.02.05
1197,Shoes,Boots,215.03,2024/12/05
1198,Accessories,Hats,100.58,2021/12/17
1199,Accessories,Belts,111.78,25-06-2024
1200,Shoes,Sandals,138.75,2017-07-28
1201,Accessories,Bags,162.69,2020-12-27
1202,Kids,Bottoms,81.16,2023/12/03
1203,Accessories,Belts,161.02,2018/07/09
1204,Shoes,Loafers,222.84,2021/07/28
1205,Shoes,Loafers,298.62,2021/12/05
1206,Accessories,Hats,127.7,29-04-2023
1207,Kids,Tops,109.2,2024-09-11
1208,Shoes,Sandals,259.55,2021-02-25
1209,Men,Outerwear,184.93,28-10-2020
1210,Accessories,Jewelry,130.44,2023-09-09
1211,Shoes,Boots,207.19,
1212,Shoes,Loafers,325.35,14-08-2018
1213,Kids,Shoes,69.59,2021-04-20
1214,Accessories,Belts,120.13,2020-06-29
1215,Women,Activewear,180.67,2017-04-15
1216,Women,Tops,198.11,2020-02-28
1217,Kids,Bottoms,80.34,2021-03-27
1218,Shoes,Boots,237.31,2024-01-15
1219,Accessories,Scarves,114.93,2020-10-21
1220,Kids,Bottoms,54.41,2016/08/25
1221,Shoes,Sandals,220.53,16-11-2024
1222,Kids,Outerwear,65.24,2020-10-12
1223,Accessories,Scarves,67.97,
1224,Shoes,Loafers,227.53,2022-07-18
1225,Kids,Tops,100.98,2018-11-06
1226,Accessories,Jewelry,135.8,2018-09-13
1227,Women,Dresses,205.52,2023/05/25
1228,Accessories,Hats,62.02,2023.09.05
1229,Women,Jeans,118.75,2020-03-28
1230,Men,Activewear,238.94,2018-09-24
1231,Accessories,Scarves,88.58,2023-08-20
1232,Shoes,Loafers,253.6,2016-09-25
1233,Accessories,Hats,99.39,2022-06-22
1234,Shoes,Loafers,224.38,2020-11-03
1235,Shoes,Boots,185.17,2023/07/17
1236,Men,Jeans,182.46,
1237,Women,Jeans,186.15,2023-04-28
1238,Women,Outerwear,159.83,2015-02-25
1239,Men,Suits,117.99,2022/08/01
1240,Women,Activewear,192.05,2015/09/13
1241,Kids,Bottoms,62.71,2021/06/04
1242,Shoes,Boots,243.51,14-12-2016
1243,Accessories,Jewelry,198.79,2024-08-20
1244,Kids,Outerwear,120.38,2022-09-11
1245,Accessories,Belts,141.55,2016-01-18
1246,Accessories,Jewelry,117.43,2023-12-03
1247,Accessories,Hats,61.84,2017-07-09
1248,Kids,Shoes,60.25,2020-06-16
1249,Men,T-Shirts,211.31,08-11-2015
1250,Accessories,Jewelry,96.31,2016-01-21
1251,Men,Activewear,132.03,2017-05-31
1252,Kids,Sleepwear,86.27,2020/05/06
1253,Women,Lingerie,132.21,2020/06/06
1254,Shoes,Boots,152.53,2023-07-23
1255,Shoes,Sneakers,217.22,26-08-2016
1256,Women,Tops,139.88,2022-06-30
1257,Men,Activewear,130.36,2015.01.22
1258,Kids,Outerwear,72.42,2017/11/29
1259,Kids,Tops,101.75,2016/10/01
1260,Accessories,Hats,113.04,2016-03-28
1261,Men,Jeans,152.86,05-11-2020
1262,Accessories,Hats,137.91,2024-01-04
1263,Kids,Outerwear,86.8,2021-09-02
1264,Accessories,Scarves,111.65,2023-07-17
1265,Men,Outerwear,178.82,2020-11-30
1266,Women,Jeans,210.07,2015-07-16
1267,Women,Activewear,173.38,2018-06-17
1268,Men,Suits,163.22,28-03-2023
1269,Accessories,Jewelry,96.55,2015-06-11
1270,Women,Jeans,141.27,2015.12.22
1271,Men,Outerwear,190.77,04-05-2023
1272,Women,Tops,200.02,2015-08-20
1273,Accessories,Hats,133.66,2024.08.05
1274,Shoes,Sneakers,235.45,03-08-2022
1275,Shoes,Heels,222.54,2021/08/26
1276,Shoes,Sneakers,258.3,2020-05-13
1277,Shoes,Heels,271.43,2015/11/23
1278,Shoes,Loafers,270.12,23-02-2019
1279,Women,Lingerie,175.46,2023/01/29
1280,Accessories,Hats,161.61,2024-01-15
1281,Shoes,Sneakers,232.57,2019-06-21
1282,Shoes,Boots,254.78,2023-05-24
1283,Men,Shirts,171.28,2022-10-07
1284,Accessories,Scarves,127.41,2015/07/30
1285,Men,T-Shirts,130.57,2021-03-15
1286,Women,Outerwear,211.56,2021-02-28
1287,Accessories,Bags,205.36,2020-06-06
1288,Men,Shirts,145.01,2022/09/22
1289,Women,Lingerie,183.19,24-11-2023
1290,Shoes,Boots,195.46,03-07-2020
1291,Men,Shirts,140.48,2018-03-16
1292,Accessories,Bags,166.33,2024-10-30
1293,Kids,Bottoms,74.86,2024-08-21
1294,Women,Outerwear,158.67,11-11-2021
1295,Accessories,Jewelry,72.38,2021-05-29
1296,Kids,Bottoms,72.95,2016-01-16
1297,Men,Suits,91.66,07-01-2019
1298,Shoes,Sneakers,254.75,2016-12-25
1299,Kids,Tops,152.99,2020-02-24
1300,Women,Dresses,163.5,2023-04-07
1301,Shoes,Loafers,128.33,2017-03-31
1302,Kids,Outerwear,110.25,2024-12-20
1303,Shoes,Loafers,180.02,2016-04-18
1304,Accessories,Bags,158.98,26-12-2015
1305,Shoes,Sneakers,204.49,2024-09-29
1306,Shoes,Loafers,185.25,2016/01/02
1307,Men,Shirts,152.88,2022/05/09
1308,Men,Shirts,190.31,
1309,Kids,Outerwear,84.88,2018-04-20
1310,Accessories,Scarves,105.1,2015-08-24
1311,Kids,Bottoms,85.53,2018-01-31
1312,Men,Outerwear,109.13,2015/09/08
1313,Shoes,Sandals,241.84,2021-09-21
1314,Accessories,Hats,66.4,2023-11-21
1315,Accessories,Belts,106.68,2024-12-21
1316,Men,Shirts,190.38,2023-01-03
1317,Shoes,Heels,236.67,2022.09.30
1318,Kids,Shoes,103.28,2023-10-26
1319,Kids,Sleepwear,88.54,2022-09-13
1320,Men,T-Shirts,206.79,04-07-2021
1321,Women,Dresses,221.61,2024-12-18
1322,Men,Shirts,177.85,2018-03-24
1323,Kids,Outerwear,110.87,2019-02-16
1324,Accessories,Bags,142.51,2024-01-24
1325,Accessories,Hats,106.82,2018-02-10
1326,Women,Lingerie,119.52,2017/12/27
1327,Shoes,Boots,243.12,2016/07/09
1328,Women,Outerwear,204.57,
1329,Shoes,Sandals,279.98,2020-12-08
1330,Men,Shirts,122.55,2023/11/13
1331,Kids,Shoes,69.61,2016-05-12
1332,Shoes,Boots,245.29,2021/10/23
1333,Kids,Shoes,88.4,2022-08-31
1334,Accessories,Scarves,63.43,16-12-2023
1335,Kids,Tops,98.44,2022-07-02
1336,Accessories,Scarves,64.43,
1337,Shoes,Sneakers,168.01,2019.11.21
1338,Men,Activewear,214.07,2024-07-10
1339,Shoes,Loafers,320.37,2024/02/01
1340,Kids,Shoes,62.65,2021/02/16
1341,Kids,Shoes,82.59,2024/08/19
1342,Women,Jeans,181.92,2021-09-06
1343,Women,Outerwear,260.16,2015-08-26
1344,Kids,Bottoms,78.91,22/02/2024
1345,Women,Lingerie,158.54,2016-09-06
1346,Accessories,Hats,166.46,2018/10/22
1347,Accessories,Scarves,108.76,
1348,Shoes,Boots,259.72,2022-03-13
1349,Shoes,Sandals,138.76,2015/04/20
1350,Kids,Bottoms,86.15,2021-05-28
1351,Women,Activewear,105.32,2023-08-24
1352,Men,Shirts,117.78,2022.11.17
1353,Kids,Tops,108.88,26-01-2018
1354,Accessories,Belts,118.5,21-12-2023
1355,Men,Outerwear,147.24,2018-08-15
1356,Kids,Sleepwear,73.15,2021-10-20
1357,Men,Outerwear,151.17,2020/01/25
1358,Women,Dresses,193.55,2015-09-05
1359,Women,Tops,224.23,2015/01/11
1360,Men,Outerwear,54.99,2016-10-31
1361,Women,Outerwear,142.57,2024-05-07
1362,Women,Outerwear,187.16,2024-07-16
1363,Men,Jeans,156.05,07-02-2019
1364,Men,Activewear,176.14,2024-09-08
1365,Kids,Sleepwear,96.02,2015-06-30
1366,Women,Activewear,166.28,03-09-2024
1367,Men,Activewear,138.93,23/04/2017
1368,Kids,Shoes,84.48,15-05-2015
1369,Accessories,Belts,154.46,2022-07-31
1370,Shoes,Sandals,179.74,
1371,Accessories,Bags,118.12,
1372,Men,Shirts,167.33,2022-08-07
1373,Kids,Shoes,125.11,2018/05/01
1374,Kids,Outerwear,83.24,2022-07-13
1375,Accessories,Scarves,148.76,14-12-2016
1376,Accessories,Scarves,156.96,10/11/2015
1377,Accessories,Scarves,118.09,2018/04/01
1378,Shoes,Boots,208.41,2021/02/04
1379,Kids,Tops,82.6,2017-04-01
1380,Kids,Tops,84.24,2016.06.05
1381,Accessories,Jewelry,145.63,2022/06/29
1382,Men,Jeans,169.24,2019/12/07
1383,Men,Activewear,169.41,2019-04-26
1384,Accessories,Hats,86.24,2017-05-25
1385,Men,Shirts,121.3,2015-03-06
1386,Men,Outerwear,245.74,2015-07-14
1387,Kids,Tops,86.0,2021.10.25
1388,Men,Jeans,129.01,2015-10-20
1389,Accessories,Bags,162.93,2017-06-21
1390,Accessories,Jewelry,128.45,2024-02-10
1391,Men,Activewear,183.13,2018-06-10
1392,Kids,Shoes,86.89,2022-06-13
1393,Accessories,Hats,110.44,
1394,Shoes,Boots,210.67,2024-04-26
1395,Men,Activewear,104.69,2023.03.22
1396,Kids,Shoes,88.02,13-09-2019
1397,Shoes,Heels,236.28,2021/11/05
1398,Shoes,Sneakers,321.78,2019-02-18
1399,Women,Tops,183.87,11-06-2024
1400,Men,T-Shirts,66.63,2018-08-02
1401,Accessories,Hats,117.18,2023-05-14
1402,Men,T-Shirts,269.58,2021-03-01
1403,Men,Activewear,194.65,2021/06/09
1404,Men,Shirts,127.56,2018-07-08
1405,Women,Lingerie,206.6,2023/05/01
1406,Women,Activewear,146.61,2022/06/19
1407,Men,Suits,105.85,26-02-2023
1408,Accessories,Jewelry,109.55,2023-01-06
1409,Women,Tops,184.12,2016-07-29
1410,Men,T-Shirts,85.11,2023-10-05
1411,Women,Tops,128.29,2023-06-03
1412,Kids,Shoes,90.23,2017-06-05
1413,Men,Jeans,143.67,2024-10-25
1414,Shoes,Heels,241.71,2020/04/09
1415,Kids,Sleepwear,62.67,2018-03-21
1416,Shoes,Sneakers,259.28,2017-03-27
1417,Shoes,Sneakers,154.89,2018-08-25
1418,Kids,Shoes,126.96,2015-05-18
1419,Accessories,Bags,68.53,2021-11-28
1420,Kids,Sleepwear,65.42,2022-01-29
1421,Accessories,Jewelry,132.52,2021/09/05
1422,Accessories,Scarves,169.93,2020-06-28
1423,Kids,Outerwear,97.09,18-08-2018
1424,Shoes,Heels,250.96,29/03/2022
1425,Men,Activewear,160.7,2023-09-19
1426,Accessories,Hats,89.21,2015-11-17
1427,Shoes,Heels,193.04,2018-10-30
1428,Accessories,Bags,83.64,2024/12/15
1429,Men,Activewear,108.85,2023/08/15
1430,Shoes,Sandals,242.1,11-12-2024
1431,Kids,Sleepwear,64.73,31-10-2016
1432,Women,Dresses,194.38,2019-08-26
1433,Women,Activewear,121.42,2016-04-21
1434,Kids,Sleepwear,96.67,2023-08-30
1435,Men,Jeans,140.45,2020-03-10
1436,Women,Lingerie,243.3,2017-06-08
1437,Kids,Outerwear,97.28,2015-11-26
1438,Shoes,Heels,287.97,2022-05-18
1439,Men,Suits,129.77,2023-02-13
1440,Accessories,Hats,121.68,2023-10-17
1441,Shoes,Heels,166.04,2024-09-18
1442,Kids,Bottoms,80.69,2023-02-23
1443,Accessories,Jewelry,112.14,2022-11-12
1444,Kids,Shoes,73.67,2023-02-13
1445,Women,Dresses,125.3,2024-12-27
1446,Women,Activewear,116.39,2019-08-19
1447,Accessories,Bags,49.81,2022-08-03
1448,Accessories,Belts,88.31,2023-03-15
1449,Shoes,Loafers,254.51,2016-02-29
1450,Women,Tops,108.07,2021/11/28
1451,Men,Outerwear,105.28,2018-05-22
1452,Women,Tops,260.59,2016/04/28
1453,Women,Activewear,151.36,2016-09-14
1454,Men,Outerwear,172.84,2016-02-22
1455,Kids,Outerwear,104.45,2023-12-24
1456,Women,Lingerie,209.81,2022.09.20
1457,Accessories,Hats,74.33,2016-01-09
1458,Kids,Sleepwear,84.8,2021/04/03
1459,Men,Shirts,95.27,2021-08-09
1460,Kids,Bottoms,145.04,2020-03-12
1461,Shoes,Loafers,132.28,2021/01/23
1462,Men,T-Shirts,118.09,2024/01/28
1463,Women,Outerwear,133.17,2020/03/10
1464,Women,Jeans,112.65,2021-08-06
1465,Accessories,Bags,160.58,2020-09-17
1466,Women,Lingerie,289.01,2018-12-18
1467,Shoes,Sandals,193.83,2023-11-29
1468,Men,Jeans,107.18,2019-02-21
1469,Shoes,Heels,96.97,2023-01-01
1470,Women,Outerwear,169.02,2021-01-19
1471,Accessories,Hats,110.51,2021-11-07
1472,Shoes,Loafers,184.18,2022/08/09
1473,Kids,Tops,94.98,2022-05-12
1474,Men,Jeans,175.81,2020.08.23
1475,Accessories,Bags,129.69,2021-02-26
1476,Men,Suits,147.36,2020-02-02
1477,Kids,Sleepwear,65.21,23/05/2018
1478,Men,T-Shirts,186.63,09-04-2022
1479,Men,Activewear,160.5,16/10/2023
1480,Kids,Tops,109.99,2022-01-20
1481,Women,Jeans,215.55,2022-09-21
1482,Women,Dresses,116.02,not_a_date
1483,Men,Suits,102.63,03-09-2018
1484,Women,Activewear,146.0,2015-08-17
1485,Kids,Shoes,66.23,2018-05-18
1486,Accessories,Belts,142.66,2022-07-20
1487,Women,Tops,195.81,2023-02-27
1488,Women,Dresses,229.46,20-02-2020
1489,Women,Jeans,197.84,2022-10-15
1490,Kids,Outerwear,94.69,2015-09-30
1491,Men,Suits,207.99,2021-06-10
1492,Kids,Sleepwear,100.57,2021-10-16
1493,Women,Dresses,183.06,2020/01/30
1494,Men,Jeans,219.22,2022-03-02
1495,Kids,Outerwear,92.59,2019/12/01
1496,Kids,Bottoms,83.15,27-03-2020
1497,Kids,Tops,71.15,2021-01-15
1498,Shoes,Loafers,258.67,2022-12-09
1499,Kids,Sleepwear,117.83,27/06/2017
1500,Accessories,Hats,118.48,2018/01/01
1501,Kids,Bottoms,119.43,2019-03-11
1502,Men,T-Shirts,81.2,2017-01-07
1503,Men,Shirts,157.78,2018.05.05
1504,Men,Outerwear,158.4,2018-07-05
1505,Kids,Shoes,73.64,2018.02.21
1506,Men,T-Shirts,255.35,2019/02/06
1507,Accessories,Belts,118.01,18-01-2020
1508,Kids,Sleepwear,80.83,2021-12-17
1509,Accessories,Bags,120.78,2018.01.11
1510,Shoes,Sneakers,109.85,2023-06-16
1511,Men,Outerwear,129.61,2019-10-18
1512,Men,T-Shirts,199.33,18-03-2022
1513,Shoes,Sandals,185.41,2016-02-24
1514,Men,Outerwear,126.84,2016-09-27
1515,Men,Jeans,212.38,2019/07/15
1516,Accessories,Bags,160.21,2018-08-30
1517,Kids,Bottoms,101.63,2019-12-18
1518,Women,Dresses,159.52,2016/08/01
1519,Kids,Tops,84.61,27-09-2019
1520,Kids,Sleepwear,71.91,2021-11-13
1521,Accessories,Bags,90.16,2022-04-15
1522,Shoes,Sneakers,162.56,25-06-2017
1523,Women,Outerwear,152.19,2018-06-12
1524,Women,Tops,133.44,2020-04-03
1525,Shoes,Heels,134.0,2020-03-07
1526,Women,Dresses,189.87,2022-12-02
1527,Men,Jeans,169.38,26-11-2018
1528,Women,Jeans,256.54,2021/09/16
1529,Women,Activewear,149.92,2023/11/03
1530,Accessories,Hats,128.88,2017-12-25
1531,Women,Outerwear,194.07,2023-03-26
1532,Women,Outerwear,168.58,2018-04-30
1533,Accessories,Belts,142.33,2018-05-06
1534,Women,Tops,214.89,2021/07/14
1535,Accessories,Hats,129.82,2021-03-21
1536,Women,Dresses,168.5,2020/06/30
1537,Women,Activewear,163.91,2017-04-24
1538,Women,Outerwear,118.45,2015-12-19
1539,Shoes,Boots,175.67,2024-02-03
1540,Shoes,Boots,185.79,
1541,Kids,Bottoms,64.71,2023-11-14
1542,Men,Activewear,177.6,2020-02-16
1543,Women,Activewear,233.85,06-11-2023
1544,Kids,Tops,69.57,2019-09-26
1545,Men,Outerwear,171.34,2015-10-03
1546,Kids,Tops,66.73,2016/12/25
1547,Shoes,Heels,203.23,2017-09-22
1548,Accessories,Belts,99.29,2018/10/09
1549,Kids,Bottoms,103.54,2024-05-23
1550,Women,Jeans,149.45,2018-04-30
1551,Men,Jeans,200.47,2021-02-15
1552,Accessories,Belts,112.63,2017-09-15
1553,Kids,Sleepwear,75.38,07-06-2021
1554,Shoes,Loafers,151.07,2020/09/03
1555,Kids,Tops,95.7,2016-07-03
1556,Women,Jeans,220.28,16/08/2019
1557,Accessories,Jewelry,128.2,2016-01-21
1558,Shoes,Heels,343.14,2023-11-23
1559,Accessories,Belts,162.89,2022-01-16
1560,Accessories,Hats,110.77,2024-05-31
1561,Men,Shirts,147.28,2023.10.04
1562,Men,Shirts,178.79,2017-03-12
1563,Men,Activewear,126.48,27-01-2022
1564,Accessories,Hats,154.99,2016-01-01
1565,Kids,Sleepwear,98.14,10-08-2024
1566,Kids,Bottoms,95.77,2022-11-08
1567,Accessories,Jewelry,140.61,2021/10/21
1568,Shoes,Heels,314.76,13-12-2024
1569,Accessories,Scarves,125.13,2023/06/21
1570,Accessories,Bags,116.61,2023/08/21
1571,Women,Dresses,247.89,2016-01-01
1572,Men,Suits,198.7,2015/03/28
1573,Shoes,Loafers,202.35,2024-08-11
1574,Accessories,Jewelry,120.16,2017/07/06
1575,Women,Tops,188.79,2019-04-07
1576,Men,Shirts,174.47,08/06/2015
1577,Kids,Shoes,59.48,2021-03-26
1578,Shoes,Sandals,135.16,2023/03/18
1579,Women,Tops,140.07,02/06/2023
1580,Shoes,Sandals,166.94,2020-10-24
1581,Men,T-Shirts,134.25,2021-08-12
1582,Men,Jeans,185.39,20-02-2020
1583,Kids,Sleepwear,86.2,2019-06-18
1584,Kids,Sleepwear,94.42,18-07-2020
1585,Shoes,Heels,152.66,2024-05-11
1586,Men,Activewear,141.53,2017-07-11
1587,Accessories,Belts,137.62,2019-09-14
1588,Women,Lingerie,206.77,2021/01/06
1589,Accessories,Jewelry,98.26,2020-09-13
1590,Women,Lingerie,187.27,2015.04.23
1591,Shoes,Sandals,340.94,2017-11-15
1592,Men,Shirts,159.3,2021-06-17
1593,Men,Outerwear,132.27,2021-12-10
1594,Women,Jeans,172.18,2022-05-06
1595,Shoes,Loafers,225.07,2024-11-30
1596,Women,Outerwear,173.2,2021/09/24
1597,Shoes,Heels,218.28,2020-10-18
1598,Shoes,Sneakers,140.61,2018-04-28
1599,Accessories,Scarves,91.12,15/09/2018
1600,Shoes,Boots,211.79,2023-04-07
1601,Men,Shirts,153.39,2019-09-09
1602,Shoes,Loafers,188.86,2022-02-26
1603,Accessories,Bags,114.69,2016/03/29
1604,Men,Shirts,162.44,2016-04-13
1605,Women,Dresses,220.02,2017-02-26
1606,Accessories,Hats,117.02,
1607,Women,Dresses,197.96,2021-01-26
1608,Kids,Shoes,77.81,2021-05-16
1609,Men,Activewear,182.88,2020-07-31
1610,Women,Tops,196.91,23/11/2017
1611,Shoes,Sneakers,267.62,2024-13-40
1612,Women,Jeans,212.11,2016/03/12
1613,Shoes,Sneakers,252.38,2019/09/24
1614,Shoes,Loafers,214.59,2016.07.20
1615,Women,Tops,191.02,2015-10-08
1616,Women,Jeans,227.86,27-08-2016
1617,Shoes,Sneakers,184.14,2016-02-10
1618,Kids,Tops,75.86,2019-10-12
1619,Women,Tops,188.16,16/06/2020
1620,Accessories,Bags,132.46,2021/01/27
1621,Men,Suits,127.04,2019/05/26
1622,Women,Lingerie,176.64,2016-10-06
1623,Accessories,Jewelry,117.18,2015-03-18
1624,Women,Tops,80.31,2022/02/15
1625,Kids,Sleepwear,85.06,2024-10-29
1626,Accessories,Hats,115.28,2017-10-23
1627,Kids,Tops,86.39,2017-01-17
1628,Kids,Tops,121.86,12-02-2018
1629,Men,Activewear,111.37,2017-02-22
1630,Women,Jeans,142.89,2017.03.27
1631,Kids,Tops,31.23,2019-12-12
1632,Accessories,Jewelry,105.57,2022-11-08
1633,Women,Activewear,162.2,2022-02-15
1634,Accessories,Hats,104.7,07-08-2024
1635,Kids,Shoes,114.92,2018-07-29
1636,Kids,Shoes,109.36,05/12/2019
1637,Women,Lingerie,183.5,2018.10.21
1638,Shoes,Boots,199.62,03-06-2015
1639,Women,Lingerie,226.18,2018/11/20
1640,Men,Activewear,159.21,09/08/2017
1641,Shoes,Sandals,175.0,2019-10-15
1642,Women,Lingerie,102.77,2016-07-31
1643,Kids,Tops,80.07,2022/06/02
1644,Kids,Outerwear,106.98,2023-06-06
1645,Women,Dresses,282.44,2024.08.10
1646,Men,Jeans,162.46,2015/11/06
1647,Men,Outerwear,129.39,2016-03-05
1648,Shoes,Loafers,154.83,
1649,Accessories,Jewelry,136.56,2023/06/26
1650,Accessories,Belts,67.06,2020/11/19
1651,Women,Tops,204.77,2018-03-20
1652,Women,Outerwear,216.8,2020/03/06
1653,Women,Lingerie,199.63,2020-05-10
1654,Kids,Shoes,85.06,23-06-2023
1655,Women,Tops,205.42,2020/04/17
1656,Men,Jeans,166.84,2015/04/11
1657,Accessories,Scarves,96.66,2021/12/30
1658,Accessories,Belts,175.51,2022-10-09
1659,Accessories,Bags,109.45,2017/12/24
1660,Men,Shirts,191.03,2016-03-01
1661,Shoes,Heels,86.98,2016-06-03
1662,Shoes,Boots,290.21,30-05-2023
1663,Women,Outerwear,246.09,23-06-2019
1664,Kids,Bottoms,90.67,2020-04-17
1665,Kids,Sleepwear,102.57,2024-08-10
1666,Men,Suits,182.34,2015-08-12
1667,Shoes,Heels,184.65,2017/01/22
1668,Shoes,Sneakers,250.09,2023-05-02
1669,Kids,Outerwear,71.81,2020-05-27
1670,Shoes,Sandals,186.52,2015-04-10
1671,Shoes,Boots,281.98,2022-01-11
1672,Kids,Bottoms,111.93,2016-05-20
1673,Men,Activewear,131.74,2022.10.28
1674,Shoes,Boots,179.65,2022-12-24
1675,Shoes,Heels,184.49,2023-03-31
1676,Accessories,Belts,141.98,2019/08/26
1677,Women,Tops,135.0,2017-09-05
1678,Kids,Sleepwear,98.03,2023-10-25
1679,Accessories,Hats,142.41,
1680,Kids,Outerwear,88.01,2021-05-10
1681,Accessories,Scarves,150.3,2016-05-13
1682,Women,Jeans,166.31,2021.03.27
1683,Women,Dresses,170.38,20-10-2020
1684,Shoes,Loafers,166.25,2017-12-03
1685,Men,Shirts,200.69,2022.09.02
1686,Kids,Outerwear,72.75,03-05-2016
1687,Kids,Bottoms,97.87,2022-03-12
1688,Kids,Bottoms,88.4,2024/08/12
1689,Accessories,Bags,88.42,
1690,Women,Lingerie,152.59,18-01-2016
1691,Shoes,Heels,296.06,2020-07-14
1692,Accessories,Belts,126.05,2020-04-16
1693,Shoes,Sandals,164.5,2020-07-10
1694,Men,Shirts,172.21,2017-09-22
1695,Women,Outerwear,173.42,2021-04-06
1696,Shoes,Heels,409.97,2017-08-22
1697,Kids,Outerwear,96.42,30-07-2020
1698,Women,Dresses,162.87,2020/12/12
1699,Men,T-Shirts,216.8,17-06-2021
1700,Accessories,Belts,64.77,2022-12-24
1701,Men,Suits,163.77,2023-10-29
1702,Women,Activewear,269.75,2022/10/10
1703,Shoes,Boots,213.61,17-12-2022
1704,Women,Dresses,102.0,2023/09/09
1705,Accessories,Belts,108.12,
1706,Accessories,Jewelry,163.64,05-12-2017
1707,Accessories,Jewelry,131.28,01/05/2020
1708,Accessories,Jewelry,94.83,2019-08-29
1709,Men,Jeans,132.59,2022-01-08
1710,Men,Activewear,137.61,2015/02/04
1711,Men,Shirts,174.45,2016-05-22
1712,Kids,Sleepwear,120.11,2022-06-21
1713,Accessories,Hats,151.57,2023-03-22
1714,Shoes,Sandals,245.08,2018-01-09
1715,Shoes,Sandals,146.76,09-02-2018
1716,Accessories,Jewelry,80.16,2020-08-13
1717,Shoes,Heels,249.33,2019-10-09
1718,Men,Outerwear,106.18,2016-09-10
1719,Kids,Outerwear,84.92,2020-01-03
1720,Kids,Tops,96.84,2023-03-13
1721,Women,Dresses,128.81,2022-04-19
1722,Shoes,Heels,163.67,2023-03-05
1723,Shoes,Loafers,214.82,2021-06-09
1724,Shoes,Heels,247.7,2023-10-11
1725,Kids,Sleepwear,113.88,2017.07.01
1726,Shoes,Sneakers,253.39,2015/06/17
1727,Accessories,Hats,122.21,2016-02-21
1728,Kids,Sleepwear,73.21,04-12-2024
1729,Kids,Bottoms,65.9,
1730,Women,Dresses,157.01,2017-06-24
1731,Shoes,Sneakers,242.55,18-07-2023
1732,Accessories,Jewelry,130.1,
1733,Shoes,Sandals,104.51,21/12/2020
1734,Accessories,Belts,96.43,2017-06-29
1735,Accessories,Belts,156.14,13-12-2015
1736,Shoes,Sneakers,224.36,2017-09-04
1737,Kids,Shoes,58.12,2017.04.13
1738,Women,Dresses,286.01,2020-07-11
1739,Women,Activewear,178.7,2015-03-17
1740,Men,Jeans,175.37,2017-05-26
1741,Kids,Bottoms,98.99,
1742,Shoes,Boots,199.78,2018/12/09
1743,Kids,Shoes,73.63,2021-05-12
1744,Women,Dresses,275.48,2021-07-22
1745,Men,Outerwear,200.13,27-08-2024
1746,Accessories,Belts,144.66,2023/05/13
1747,Accessories,Belts,137.29,13-04-2017
1748,Men,Jeans,119.87,2021.12.05
1749,Accessories,Jewelry,158.33,2021-04-10
1750,Shoes,Boots,173.63,
1751,Accessories,Hats,128.5,2022-12-28
1752,Accessories,Belts,70.82,2016-06-23
1753,Shoes,Loafers,107.75,2018-10-02
1754,Men,Outerwear,172.73,2023-03-01
1755,Shoes,Boots,175.5,2023-12-04
1756,Men,Jeans,80.43,2015-05-17
1757,Men,Jeans,181.62,2019/09/19
1758,Shoes,Sneakers,336.6,2017-08-23
1759,Kids,Sleepwear,121.27,2016/09/05
1760,Kids,Tops,84.21,2015-07-28
1761,Men,Jeans,160.35,2020-05-19
1762,Kids,Bottoms,109.97,2021/09/04
1763,Women,Tops,230.5,24-04-2020
1764,Shoes,Sandals,201.11,2018-09-07
1765,Kids,Outerwear,90.77,2022-09-18
1766,Accessories,Jewelry,129.02,2021/07/09
1767,Kids,Bottoms,102.46,2024-02-01
1768,Kids,Shoes,87.01,2018.06.21
1769,Women,Dresses,174.6,2017-05-22
1770,Women,Outerwear,242.09,2019-07-23
1771,Men,Suits,208.38,2020/01/26
1772,Men,Activewear,179.1,
1773,Men,T-Shirts,228.76,2023-04-29
1774,Men,Jeans,144.54,2015-06-16
1775,Shoes,Sneakers,309.26,2020/04/11
1776,Women,Activewear,204.41,2019-04-21
1777,Men,Shirts,290.84,2017/02/09
1778,Women,Activewear,126.34,2021-05-30
1779,Men,Suits,132.43,2023-01-06
1780,Shoes,Loafers,243.03,2020/06/17
1781,Women,Jeans,197.88,07/11/2015
1782,Men,T-Shirts,238.01,2015-10-03
1783,Women,Tops,149.92,
1784,Accessories,Hats,147.15,06-09-2021
1785,Shoes,Sneakers,283.94,2018.02.19
1786,Men,Suits,188.19,2018-02-02
1787,Women,Activewear,136.76,2023-08-08
1788,Women,Activewear,243.35,2015-02-22
1789,Kids,Sleepwear,117.66,2015-10-19
1790,Shoes,Boots,252.98,2016-07-22
1791,Kids,Tops,94.6,2024/11/02
1792,Accessories,Jewelry,126.78,2019-12-23
1793,Men,Outerwear,156.85,2016-08-01
1794,Men,Shirts,185.63,07/02/2018
1795,Kids,Shoes,90.7,2024-09-11
1796,Men,T-Shirts,126.06,2021/12/11
1797,Accessories,Hats,88.54,2017-03-28
1798,Women,Activewear,146.16,2017-05-29
1799,Kids,Tops,95.0,2015-10-01
1800,Kids,Tops,89.39,2022/09/24
1801,Women,Tops,189.69,2016-05-16
1802,Kids,Sleepwear,101.27,2017-11-12
1803,Kids,Tops,75.89,2018/06/26
1804,Men,Shirts,218.63,2021-03-18
1805,Women,Activewear,167.95,2021-01-23
1806,Women,Activewear,160.5,2022.12.29
1807,Women,Activewear,201.71,2017-12-21
1808,Kids,Sleepwear,48.68,
1809,Women,Activewear,144.43,2018-11-20
1810,Accessories,Scarves,149.43,2015-06-20
1811,Men,Activewear,90.5,2022/05/18
1812,Shoes,Loafers,281.47,2020-05-09
1813,Shoes,Boots,303.11,04-10-2019
1814,Kids,Tops,81.69,2024-12-15
1815,Accessories,Scarves,128.75,2016-10-15
1816,Women,Tops,230.36,2024/09/09
1817,Men,T-Shirts,141.33,2021-10-21
1818,Men,Outerwear,194.71,2017/03/18
1819,Women,Lingerie,149.8,2021-10-14
1820,Men,Shirts,140.9,2022-07-23
1821,Men,Activewear,128.03,2018-08-17
1822,Shoes,Heels,238.85,2018-06-14
1823,Men,Outerwear,206.32,2023/05/09
1824,Accessories,Belts,114.48,2016/08/08
1825,Shoes,Loafers,150.08,2015-02-18
1826,Accessories,Belts,87.52,2021/08/29
1827,Women,Lingerie,197.76,2024-01-25
1828,Accessories,Hats,175.32,2020-01-04
1829,Shoes,Sneakers,241.65,2016-05-08
1830,Accessories,Jewelry,108.39,2020-05-23
1831,Men,Jeans,190.65,09-07-2017
1832,Accessories,Belts,112.82,2023-04-11
1833,Kids,Shoes,81.49,2021-02-14
1834,Women,Lingerie,136.87,2018-05-14
1835,Kids,Shoes,121.69,2021-03-31
1836,Women,Jeans,65.74,2021-09-02
1837,Accessories,Scarves,143.94,2021-10-15
1838,Men,Jeans,141.45,2018/08/30
1839,Men,Suits,143.59,15-09-2020
1840,Kids,Outerwear,128.08,2015-06-06
1841,Kids,Tops,73.93,2019-01-14
1842,Women,Jeans,149.4,12-10-2018
1843,Accessories,Hats,116.09,2020-05-07
1844,Accessories,Belts,132.42,2024/07/02
1845,Shoes,Boots,195.7,2024.07.15
1846,Shoes,Heels,133.44,01-11-2019
1847,Kids,Tops,70.52,2021-06-18
1848,Kids,Tops,118.83,31-01-2016
1849,Kids,Sleepwear,91.68,2019/10/28
1850,Women,Jeans,200.3,2021-11-17
1851,Women,Outerwear,168.24,30-10-2021
1852,Men,Activewear,133.62,2024/08/20
1853,Kids,Outerwear,127.75,2019/08/31
1854,Women,Jeans,171.53,2024-01-30
1855,Women,Jeans,160.05,2024-10-15
1856,Accessories,Jewelry,152.88,2020-09-20
1857,Men,T-Shirts,131.11,2015-12-01
1858,Kids,Bottoms,76.62,
1859,Kids,Sleepwear,90.23,2022/08/25
1860,Shoes,Loafers,220.01,2020-10-22
1861,Shoes,Sneakers,234.28,2024-05-13
1862,Men,Suits,243.67,2023-02-28
1863,Accessories,Hats,130.09,2015-08-19
1864,Men,T-Shirts,64.88,13-08-2023
1865,Accessories,Hats,129.79,2018-07-29
1866,Kids,Shoes,90.85,2023-03-11
1867,Women,Dresses,181.96,2020-01-29
1868,Shoes,Sneakers,233.53,2019.07.22
1869,Women,Lingerie,178.71,22-09-2015
1870,Shoes,Heels,217.11,2016-03-10
1871,Women,Outerwear,207.59,2020-12-14
1872,Men,Jeans,138.32,2020-09-10
1873,Shoes,Boots,167.88,2020-07-20
1874,Accessories,Jewelry,210.71,2016-07-25
1875,Kids,Bottoms,73.89,2020-02-06
1876,Women,Outerwear,184.51,2015/08/11
1877,Men,Jeans,100.17,2016-06-10
1878,Accessories,Belts,123.49,2019-12-27
1879,Shoes,Sneakers,168.67,03/03/2021
1880,Women,Lingerie,160.09,2021-07-22
1881,Men,T-Shirts,201.8,2024-10-27
1882,Men,Shirts,178.88,2023-07-18
1883,Women,Jeans,205.58,2018-10-19
1884,Accessories,Hats,66.86,30-10-2022
1885,Shoes,Boots,321.03,2015/12/16
1886,Women,Activewear,126.37,2023-07-29
1887,Shoes,Boots,304.07,
1888,Kids,Tops,112.98,2022-08-08
1889,Women,Jeans,205.98,2024-09-15
1890,Kids,Outerwear,70.76,2022/01/12
1891,Women,Tops,186.82,2024/03/15
1892,Men,Suits,141.16,2015-02-07
1893,Accessories,Bags,120.87,2016.09.15
1894,Shoes,Sneakers,206.26,2021/04/06
1895,Women,Outerwear,88.26,2020-05-28
1896,Accessories,Hats,153.65,
1897,Kids,Bottoms,88.18,2022/03/09
1898,Accessories,Belts,105.46,2015-08-03
1899,Shoes,Sneakers,189.18,2024/11/28
1900,Men,Activewear,174.34,25/07/2016
1901,Kids,Bottoms,69.89,2019-06-16
1902,Kids,Tops,39.26,
1903,Shoes,Boots,242.39,2020-02-21
1904,Men,T-Shirts,180.76,2022-06-10
1905,Men,Jeans,152.01,
1906,Men,T-Shirts,114.08,2024/06/27
1907,Men,Jeans,163.56,22-08-2019
1908,Women,Tops,114.1,16-10-2024
1909,Women,Tops,133.77,2020-03-02
1910,Accessories,Belts,97.48,2023-12-08
1911,Women,Dresses,217.98,2022-04-30
1912,Accessories,Hats,109.12,2016-04-30
1913,Women,Jeans,159.85,2021-06-09
1914,Shoes,Sandals,327.51,2023-10-14
1915,Men,Outerwear,174.1,2016-04-13
1916,Kids,Outerwear,97.63,2023/05/22
1917,Men,Outerwear,145.21,2016-01-21
1918,Kids,Tops,76.58,2023-09-18
1919,Kids,Sleepwear,40.81,2022/11/21
1920,Kids,Tops,111.8,2016/07/08
1921,Men,Suits,177.93,2022-04-07
1922,Kids,Shoes,85.97,2016/03/02
1923,Accessories,Scarves,115.88,2020-09-06
1924,Kids,Outerwear,106.56,28-03-2024
1925,Men,Jeans,97.81,2017-01-22
1926,Women,Lingerie,153.46,2016-09-26
1927,Men,Jeans,114.55,25/03/2019
1928,Women,Jeans,259.72,2018.09.08
1929,Women,Activewear,219.4,2015/06/27
1930,Accessories,Jewelry,53.92,2019-07-24
1931,Women,Lingerie,111.88,06-08-2017
1932,Kids,Tops,87.02,2016-03-30
1933,Accessories,Jewelry,105.83,2017-10-05
1934,Accessories,Bags,80.27,2015-03-17
1935,Women,Outerwear,267.51,2024.02.25
1936,Women,Lingerie,194.06,2024-12-10
1937,Men,Activewear,178.99,2018-09-04
1938,Kids,Shoes,74.43,2023-10-08
1939,Accessories,Belts,141.67,2019-08-13
1940,Men,Jeans,144.78,2024-02-15
1941,Women,Tops,167.25,2016-09-24
1942,Men,Outerwear,184.44,05-11-2017
1943,Accessories,Scarves,71.13,2022-05-26
1944,Women,Jeans,251.87,2017-03-15
1945,Men,Suits,167.3,2023/03/28
1946,Women,Jeans,237.64,2019-04-05
1947,Women,Tops,131.61,2019-01-15
1948,Accessories,Bags,92.31,2019-07-14
1949,Women,Outerwear,127.71,2022-12-24
1950,Men,T-Shirts,170.01,2015-01-21
1951,Accessories,Jewelry,121.98,2022-07-05
1952,Shoes,Boots,194.46,2022-10-17
1953,Women,Jeans,134.37,2023-03-19
1954,Kids,Sleepwear,61.5,2024-12-19
1955,Accessories,Scarves,118.55,2022-10-28
1956,Kids,Tops,79.52,2020-04-15
1957,Kids,Outerwear,74.57,2019-08-30
1958,Kids,Tops,124.81,2018-11-19
1959,Shoes,Sneakers,215.47,2023-04-10
1960,Women,Outerwear,237.15,2018.12.05
1961,Accessories,Bags,104.0,22-09-2020
1962,Accessories,Belts,127.34,2015-12-17
1963,Women,Outerwear,177.5,05-03-2018
1964,Accessories,Scarves,69.07,2017-08-30
1965,Accessories,Hats,162.85,2019-05-09
1966,Shoes,Sneakers,212.57,2020-01-09
1967,Men,Suits,189.86,02-03-2022
1968,Kids,Shoes,73.08,2019-04-27
1969,Accessories,Jewelry,115.05,2016-07-03
1970,Women,Activewear,140.99,2020-06-14
1971,Accessories,Hats,157.08,2015-07-19
1972,Accessories,Jewelry,129.34,2023.06.29
1973,Shoes,Heels,240.19,2022-09-15
1974,Men,Shirts,214.33,2017-04-02
1975,Kids,Shoes,116.02,2017-08-19
1976,Women,Tops,214.44,2015/04/12
1977,Accessories,Jewelry,77.35,2018/08/24
1978,Men,Outerwear,132.17,2015-05-20
1979,Women,Lingerie,134.83,2024/05/13
1980,Shoes,Heels,260.01,2016-05-05
1981,Shoes,Heels,229.39,2021-08-05
1982,Shoes,Boots,143.52,2020-09-14
1983,Women,Lingerie,171.51,2017-05-15
1984,Shoes,Sneakers,137.82,2023/01/31
1985,Shoes,Heels,217.08,2016/02/02
1986,Shoes,Boots,128.95,
1987,Accessories,Hats,135.86,2022/05/28
1988,Men,Jeans,175.12,2021/05/09
1989,Men,Activewear,236.32,2023/10/19
1990,Accessories,Belts,145.44,2019/01/12
1991,Kids,Tops,80.48,2017-10-25
1992,Kids,Tops,108.41,2016-07-18
1993,Men,Suits,104.09,2024/03/30
1994,Shoes,Boots,167.06,2019-01-06
1995,Shoes,Boots,238.32,2023-04-18
1996,Women,Outerwear,82.88,2018-04-29
1997,Kids,Bottoms,89.16,2024-07-20
1998,Accessories,Belts,89.39,2023-09-14
1999,Men,Jeans,164.05,2018-01-30
2000,Men,Outerwear,116.89,13-11-2019
2001,Accessories,Scarves,132.73,2022-12-10
2002,Women,Outerwear,180.87,2017.04.06
2003,Men,T-Shirts,216.01,28/03/2015
2004,Kids,Sleepwear,90.15,2017-11-20
2005,Shoes,Sneakers,177.72,2020-11-27
2006,Women,Jeans,168.89,2016-05-13
2007,Kids,Bottoms,59.75,2018.05.02
2008,Women,Outerwear,198.28,09/03/2024
2009,Shoes,Boots,252.44,2015-10-02
2010,Shoes,Loafers,355.81,2015-07-03
2011,Kids,Bottoms,76.01,2019-03-29
2012,Men,Activewear,149.29,2015-02-16
2013,Women,Dresses,154.09,12-04-2015
2014,Accessories,Jewelry,126.36,2016-10-30
2015,Shoes,Loafers,240.99,2016-01-09
2016,Men,Suits,157.87,2023-02-10
2017,Kids,Bottoms,114.44,24/03/2016
2018,Shoes,Sneakers,186.07,27-03-2020
2019,Shoes,Sandals,274.24,2022.01.20
2020,Kids,Outerwear,102.12,2021-04-05
2021,Men,T-Shirts,159.52,16-07-2021
2022,Shoes,Sandals,202.68,2018-07-30
2023,Shoes,Heels,353.47,2023/11/21
2024,Kids,Shoes,71.62,2015-09-08
2025,Women,Activewear,193.41,2016/01/28
2026,Kids,Outerwear,73.12,2023-07-25
2027,Shoes,Sneakers,318.21,07/09/2015
2028,Accessories,Bags,146.6,2016-12-01
2029,Kids,Outerwear,74.74,2016-09-24
2030,Men,Activewear,180.5,2015/05/01
2031,Kids,Tops,95.8,2016-03-03
2032,Women,Dresses,156.75,2020-09-23
2033,Women,Activewear,214.12,
2034,Shoes,Sandals,241.41,2015-11-01
2035,Accessories,Bags,126.47,2024/06/04
2036,Accessories,Hats,118.74,2015-12-16
2037,Kids,Tops,99.7,14/11/2021
2038,Women,Activewear,190.32,02-01-2023
2039,Accessories,Jewelry,121.77,2020-03-17
2040,Kids,Shoes,75.58,2019-12-01
2041,Men,Activewear,227.75,
2042,Accessories,Scarves,88.49,2017-06-01
2043,Shoes,Loafers,243.52,05-07-2023
2044,Shoes,Sandals,202.39,27-06-2018
2045,Men,Outerwear,230.38,2015-05-06
2046,Accessories,Scarves,92.9,2022.04.17
2047,Kids,Outerwear,73.46,2021.11.02
2048,Kids,Shoes,68.18,2015/08/31
2049,Shoes,Heels,237.79,06/07/2015
2050,Shoes,Loafers,144.48,
2051,Women,Dresses,158.47,2015-07-05
2052,Men,Shirts,73.91,2021-03-01
2053,Men,Shirts,169.62,2016-04-29
2054,Accessories,Hats,104.99,2021-01-26
2055,Shoes,Sandals,138.16,2016-10-05
2056,Men,Jeans,203.42,2024-09-22
2057,Shoes,Sneakers,148.08,2022-04-05
2058,Shoes,Loafers,263.83,2018/09/30
2059,Men,Suits,131.96,16-04-2019
2060,Kids,Sleepwear,126.04,2015-08-26
2061,Accessories,Hats,142.49,2015-07-20
2062,Kids,Outerwear,67.32,17-05-2020
2063,Women,Dresses,138.73,2015-03-25
2064,Shoes,Sneakers,253.3,2021-05-20
2065,Kids,Shoes,84.1,
2066,Kids,Bottoms,86.19,2016-05-24
2067,Shoes,Sandals,289.97,2020/05/10
2068,Accessories,Scarves,97.54,2020-07-12
2069,Men,Jeans,163.65,2022-06-19
2070,Kids,Bottoms,111.48,2016/12/23
2071,Women,Activewear,216.41,
2072,Shoes,Sneakers,211.22,2023/06/13
2073,Kids,Outerwear,83.5,2017/09/13
2074,Men,T-Shirts,90.45,2023-05-09
2075,Shoes,Sandals,161.91,2022/03/27
2076,Kids,Sleepwear,97.16,2019-04-19
2077,Kids,Tops,86.9,2023/11/01
2078,Kids,Tops,91.69,2024-09-01
2079,Men,Jeans,201.57,2017.05.15
2080,Women,Tops,126.57,2024.10.19
2081,Accessories,Bags,112.91,2015-01-09
2082,Women,Lingerie,188.49,2016-04-17
2083,Men,Shirts,131.83,07-06-2015
2084,Shoes,Sandals,298.73,2018/09/05
2085,Women,Outerwear,220.89,2024-05-15
2086,Shoes,Sandals,235.96,
2087,Shoes,Boots,318.68,2021-03-02
2088,Shoes,Boots,137.56,06/11/2015
2089,Men,Activewear,159.69,2020-02-29
2090,Women,Tops,196.49,
2091,Accessories,Scarves,92.56,2019-10-18
2092,Men,Shirts,172.03,2017-08-12
2093,Accessories,Bags,86.8,2017/01/06
2094,Women,Activewear,211.08,2024-07-09
2095,Women,Outerwear,227.6,2020-08-01
2096,Shoes,Sneakers,234.98,2019-02-12
2097,Accessories,Jewelry,64.42,2015-09-27
2098,Accessories,Bags,91.0,2022-08-18
2099,Shoes,Loafers,251.06,2019-09-23
2100,Men,Suits,160.85,2018.11.13
2101,Accessories,Jewelry,39.18,2021-09-02
2102,Shoes,Loafers,288.36,26/04/2016
2103,Women,Tops,186.15,2020-05-01
2104,Women,Activewear,143.14,20-08-2023
2105,Accessories,Belts,149.85,2019-08-22
2106,Men,Outerwear,132.9,2015-01-02
2107,Shoes,Boots,182.14,19-04-2017
2108,Women,Jeans,196.13,2015-07-24
2109,Men,T-Shirts,231.24,2020-01-02
2110,Men,Outerwear,224.94,2018-08-24
2111,Men,Shirts,174.39,28/04/2016
2112,Shoes,Boots,245.43,2021-11-14
2113,Accessories,Scarves,143.74,2016-10-07
2114,Accessories,Hats,82.29,2018-06-02
2115,Shoes,Heels,255.43,2024-11-17
2116,Men,Outerwear,130.64,2015-08-31
2117,Accessories,Belts,129.55,2017/06/23
2118,Kids,Outerwear,84.88,2018-03-07
2119,Kids,Sleepwear,101.28,2020-02-02
2120,Shoes,Loafers,226.5,2017-06-13
2121,Shoes,Sandals,50.98,13/09/2024
2122,Accessories,Jewelry,125.37,20-01-2015
2123,Kids,Shoes,104.45,2024-06-25
2124,Shoes,Sneakers,244.53,2020-05-07
2125,Shoes,Boots,214.36,not_a_date
2126,Men,Outerwear,225.69,2016-03-02
2127,Men,Shirts,172.45,2016.01.12
2128,Shoes,Sneakers,244.07,2017.11.16
2129,Women,Activewear,227.0,2018-05-01
2130,Men,Outerwear,174.5,2021/05/31
2131,Shoes,Sneakers,170.61,2018-02-10
2132,Accessories,Belts,46.85,2022-04-02
2133,Kids,Bottoms,79.26,2017/12/09
2134,Men,Jeans,190.44,2017-08-20
2135,Kids,Tops,82.06,2017-10-02
2136,Shoes,Sandals,264.06,2018-04-17
2137,Kids,Shoes,93.35,2023-05-19
2138,Women,Jeans,237.96,2017.06.20
2139,Kids,Sleepwear,83.36,2017-09-25
2140,Kids,Shoes,100.52,2024-07-27
2141,Shoes,Loafers,247.82,2021.07.16
2142,Accessories,Bags,165.05,2016-11-26
2143,Accessories,Jewelry,68.8,07-09-2023
2144,Shoes,Sneakers,194.79,31/10/2016
2145,Men,Shirts,193.94,2016-08-15
2146,Kids,Outerwear,124.78,2019/06/14
2147,Women,Activewear,190.8,2021-11-30
2148,Accessories,Bags,111.22,2016-11-22
2149,Accessories,Belts,142.71,2022/07/14
2150,Accessories,Belts,146.06,2016-07-26
2151,Men,Outerwear,145.61,2022.10.26
2152,Men,T-Shirts,173.21,2015-12-17
2153,Accessories,Belts,155.42,2019-08-24
2154,Kids,Bottoms,132.54,2021-05-27
2155,Shoes,Sneakers,260.84,2017-08-28
2156,Kids,Tops,90.99,2021.02.13
2157,Kids,Tops,88.78,2021.11.20
2158,Shoes,Heels,250.66,2021/07/03
2159,Accessories,Hats,116.53,2018-12-20
2160,Men,Outerwear,167.59,25-09-2022
2161,Accessories,Jewelry,88.26,2022-04-26
2162,Men,Activewear,211.88,07-04-2018
2163,Kids,Tops,64.35,2022/05/03
2164,Accessories,Belts,107.04,2024-03-09
2165,Accessories,Belts,122.93,2023-03-03
2166,Accessories,Jewelry,179.73,2022-05-02
2167,Men,Jeans,143.09,2022-09-01
2168,Accessories,Bags,100.02,18-01-2023
2169,Accessories,Scarves,103.48,2017/11/22
2170,Accessories,Hats,169.77,2022-03-18
2171,Women,Dresses,53.44,2016/12/29
2172,Shoes,Sandals,164.85,2018-08-02
2173,Accessories,Belts,201.94,2024-05-06
2174,Shoes,Loafers,252.5,2017/10/30
2175,Men,Suits,115.76,2023-06-09
2176,Shoes,Boots,217.69,2019-03-24
2177,Women,Outerwear,183.04,2017/02/05
2178,Kids,Outerwear,109.04,21-12-2015
2179,Shoes,Sandals,321.17,2020-06-25
2180,Kids,Tops,98.74,2019-07-07
2181,Shoes,Boots,190.31,2020/02/11
2182,Men,Jeans,191.48,07-06-2015
2183,Shoes,Sandals,181.6,2017-09-06
2184,Shoes,Sneakers,163.17,2015-01-15
2185,Shoes,Heels,123.21,2018.01.09
2186,Men,Suits,97.39,2024-04-25
2187,Men,T-Shirts,124.14,10-07-2016
2188,Men,Jeans,112.89,2021-11-23
2189,Kids,Tops,97.05,2015-01-22
2190,Kids,Sleepwear,63.01,2020.08.14
2191,Men,Shirts,34.25,2024-03-18
2192,Kids,Tops,66.51,2018.05.31
2193,Men,T-Shirts,141.13,2016-12-21
2194,Men,T-Shirts,135.78,2020-09-15
2195,Shoes,Sandals,303.57,15-10-2017
2196,Accessories,Jewelry,101.59,2023-12-01
2197,Men,Shirts,195.24,29/06/2023
2198,Accessories,Bags,119.43,2021/07/11
2199,Kids,Bottoms,89.05,23/05/2021
2200,Women,Dresses,142.41,2021-01-09
2201,Men,T-Shirts,157.65,2022/05/10
2202,Women,Dresses,145.57,09-08-2019
2203,Women,Outerwear,187.65,2024/09/12
2204,Men,T-Shirts,150.55,2018-06-16
2205,Kids,Sleepwear,68.75,2015-02-02
2206,Shoes,Boots,274.55,2021/12/26
2207,Women,Jeans,199.21,16-08-2021
2208,Accessories,Hats,106.56,2024-10-23
2209,Men,Suits,165.82,2018/12/15
2210,Women,Jeans,176.23,2019-04-01
2211,Shoes,Boots,172.28,2020-08-14
2212,Shoes,Sandals,223.88,2024-13-40
2213,Shoes,Loafers,185.84,2022-11-07
2214,Women,Jeans,137.48,2019-04-13
2215,Women,Dresses,106.98,2022-11-02
2216,Men,Activewear,145.66,2019-04-04
2217,Kids,Shoes,102.76,2017-04-02
2218,Accessories,Jewelry,99.16,2024.11.27
2219,Men,Outerwear,260.83,2020-04-07
2220,Women,Dresses,219.86,2022-01-25
2221,Accessories,Hats,159.13,2020-11-29
2222,Women,Activewear,215.79,05-08-2018
2223,Women,Lingerie,263.38,2024/09/21
2224,Kids,Tops,72.29,19-09-2018
2225,Kids,Bottoms,32.38,2024-12-06
2226,Shoes,Heels,195.46,23-04-2019
2227,Accessories,Bags,136.75,2015-03-24
2228,Accessories,Jewelry,124.55,2015/05/15
2229,Men,Shirts,171.02,2024-09-26
2230,Accessories,Scarves,159.63,12-04-2020
2231,Shoes,Loafers,241.01,2018/11/17
2232,Women,Activewear,215.95,2023-02-11
2233,Accessories,Scarves,91.81,2021-03-04
2234,Women,Tops,130.71,10/08/2021
2235,Kids,Shoes,126.32,2021/11/08
2236,Shoes,Heels,225.55,25-12-2016
2237,Men,Shirts,135.07,2015-11-19
2238,Men,Outerwear,135.14,2022/04/13
2239,Kids,Bottoms,75.39,2015-03-21
2240,Accessories,Hats,98.73,2022-03-13
2241,Men,Jeans,108.67,2016-04-19
2242,Shoes,Heels,137.48,2017-08-17
2243,Kids,Outerwear,85.61,29/01/2022
2244,Women,Tops,153.32,2021/03/25
2245,Shoes,Sandals,280.89,2022/10/25
2246,Accessories,Belts,128.79,2021-02-09
2247,Kids,Sleepwear,95.97,2015/06/24
2248,Women,Tops,146.56,2023-05-26
2249,Women,Lingerie,174.55,2017-02-27
2250,Kids,Bottoms,98.12,2016/05/12
2251,Kids,Tops,106.11,2023.10.15
2252,Kids,Tops,87.89,2016-12-12
2253,Men,Suits,203.16,2020/05/12
2254,Kids,Shoes,90.18,2019-11-11
2255,Men,Jeans,191.71,2022-09-12
2256,Shoes,Sandals,193.06,2015-06-11
2257,Shoes,Heels,120.31,2016/01/25
2258,Shoes,Sneakers,234.76,2019/02/27
2259,Women,Jeans,212.64,25-09-2019
2260,Accessories,Scarves,137.26,2022.11.19
2261,Women,Lingerie,199.0,2021-01-21
2262,Accessories,Jewelry,109.54,2016-06-27
2263,Women,Dresses,143.7,2024/10/15
2264,Kids,Bottoms,102.41,2019-08-08
2265,Women,Jeans,199.19,24-08-2024
2266,Women,Dresses,154.76,2024-11-24
2267,Shoes,Heels,281.02,2015-07-08
2268,Shoes,Sneakers,171.44,2020-01-23
2269,Women,Dresses,153.74,22-03-2019
2270,Accessories,Bags,169.09,2019/12/26
2271,Men,Jeans,194.74,2018-02-06
2272,Men,Suits,145.68,2020-08-03
2273,Men,Jeans,171.5,03/12/2019
2274,Kids,Shoes,93.48,2016/11/10
2275,Women,Tops,56.45,2017-11-19
2276,Kids,Tops,69.6,2016.06.21
2277,Men,Outerwear,157.97,2023-06-09
2278,Women,Activewear,163.95,2021-10-10
2279,Men,Shirts,169.88,2018-11-16
2280,Shoes,Sneakers,282.12,2018.12.16
2281,Shoes,Loafers,202.32,2015-10-16
2282,Men,Activewear,117.69,2017-11-25
2283,Men,Outerwear,172.99,2024-03-30
2284,Shoes,Sandals,202.04,2015-04-25
2285,Shoes,Loafers,211.42,2016-06-17
2286,Accessories,Belts,111.25,2023-06-18
2287,Accessories,Hats,187.26,2020-03-15
2288,Accessories,Bags,52.78,2015-04-29
2289,Accessories,Belts,108.35,2019/11/25
2290,Kids,Outerwear,89.92,2022-07-02
2291,Men,Jeans,128.75,2018.06.14
2292,Men,T-Shirts,195.99,2018-10-27
2293,Men,T-Shirts,192.53,2021-04-25
2294,Shoes,Boots,217.37,2020/12/27
2295,Shoes,Boots,205.11,2024/01/12
2296,Accessories,Bags,116.64,2017/06/23
2297,Women,Outerwear,175.28,2017-10-05
2298,Kids,Tops,88.24,2016-07-21
2299,Men,Outerwear,152.48,2021-08-25
2300,Accessories,Hats,127.57,2020-05-02
2301,Men,Activewear,190.13,2018/06/21
2302,Women,Outerwear,124.64,2021-12-16
2303,Kids,Bottoms,66.36,2018-10-08
2304,Accessories,Scarves,67.54,2016/12/15
2305,Accessories,Scarves,145.99,26-05-2020
2306,Women,Activewear,191.26,2019-05-14
2307,Men,Outerwear,180.21,2019/01/20
2308,Women,Lingerie,115.67,13-06-2019
2309,Men,Outerwear,231.4,2024/02/22
2310,Kids,Shoes,76.3,2017/02/27
2311,Men,Jeans,166.73,2017-10-04
2312,Women,Tops,218.45,2020-08-26
2313,Kids,Outerwear,67.79,2015-06-20
2314,Women,Outerwear,155.42,2016-06-17
2315,Men,Suits,167.17,2020/08/30
2316,Women,Tops,308.59,2020-02-06
2317,Women,Lingerie,193.55,12-07-2021
2318,Kids,Bottoms,126.14,not_a_date
2319,Accessories,Hats,156.17,2023-07-17
2320,Shoes,Loafers,240.24,2019-11-09
2321,Women,Outerwear,135.49,2016-07-20
2322,Women,Activewear,227.69,2018/02/12
2323,Men,T-Shirts,100.08,10-04-2017
2324,Shoes,Loafers,308.05,2019-07-11
2325,Shoes,Heels,231.0,2019-09-11
2326,Accessories,Hats,40.49,2019-05-04
2327,Men,Jeans,146.38,12-08-2019
2328,Women,Outerwear,209.43,2024/01/30
2329,Women,Lingerie,169.33,2024-08-04
2330,Women,Jeans,212.18,2019-11-25
2331,Women,Jeans,141.75,2024-08-18
2332,Accessories,Bags,80.82,2023-03-09
2333,Men,Outerwear,157.14,2023-03-15
2334,Accessories,Belts,120.95,2017/04/04
2335,Kids,Shoes,82.16,
2336,Kids,Outerwear,117.61,2018.07.10
2337,Kids,Tops,70.87,2015-12-19
2338,Accessories,Bags,129.39,2015/10/02
2339,Women,Lingerie,183.06,23/03/2021
2340,Women,Lingerie,109.95,2019/03/17
2341,Kids,Sleepwear,60.32,2023-04-05
2342,Men,Shirts,160.48,2021/09/08
2343,Kids,Tops,134.58,2015-11-08
2344,Shoes,Sneakers,251.86,2023-05-20
2345,Kids,Sleepwear,51.17,2019.12.18
2346,Men,Suits,35.58,2020-08-29
2347,Men,T-Shirts,189.32,28-08-2024
2348,Shoes,Sneakers,214.71,2021-05-27
2349,Men,Shirts,205.65,2015-03-23
2350,Kids,Shoes,70.18,2016/10/09
2351,Kids,Shoes,97.88,2019.04.07
2352,Shoes,Sandals,266.54,2015.05.16
2353,Shoes,Sneakers,195.39,2016-09-03
2354,Kids,Tops,80.41,2022.12.02
2355,Men,Shirts,161.01,05-06-2016
2356,Men,Suits,181.71,2016-09-02
2357,Kids,Shoes,89.68,2020.01.18
2358,Men,Activewear,198.96,2015/11/30
2359,Shoes,Boots,194.59,23/07/2017
2360,Men,Suits,106.86,2024-05-17
2361,Shoes,Sneakers,328.73,25/04/2021
2362,Shoes,Loafers,186.75,2024-08-20
2363,Accessories,Jewelry,102.95,2018/07/18
2364,Women,Activewear,177.04,2021-03-01
2365,Shoes,Loafers,223.69,2017.05.21
2366,Women,Outerwear,162.6,2018-10-15
2367,Men,Outerwear,159.3,30-09-2016
2368,Women,Tops,178.21,2023-05-02
2369,Women,Lingerie,187.87,2016-11-03
2370,Women,Activewear,73.91,2017-01-17
2371,Women,Tops,264.64,2019-08-22
2372,Accessories,Jewelry,115.58,2019-04-18
2373,Women,Dresses,206.13,2018-02-20
2374,Men,Activewear,104.88,2018-07-28
2375,Shoes,Sneakers,194.09,not_a_date
2376,Accessories,Scarves,99.83,17-02-2024
2377,Accessories,Hats,164.09,2020/10/21
2378,Women,Jeans,153.64,2024-03-13
2379,Accessories,Scarves,142.74,13-11-2024
2380,Shoes,Sandals,184.23,2021/07/05
2381,Women,Jeans,159.63,2023.04.05
2382,Kids,Shoes,84.48,2016-02-09
2383,Accessories,Hats,158.52,30/06/2024
2384,Men,Shirts,84.41,2019-10-28
2385,Women,Dresses,120.8,2022/02/19
2386,Accessories,Belts,61.58,15-06-2017
2387,Accessories,Scarves,87.37,15-12-2015
2388,Accessories,Hats,95.65,2023-11-07
2389,Accessories,Belts,71.57,2019-06-30
2390,Accessories,Hats,97.98,2016-05-20
2391,Kids,Shoes,44.67,2021/08/02
2392,Women,Outerwear,134.19,2015.07.18
2393,Shoes,Sneakers,286.02,2019/07/04
2394,Men,Shirts,176.14,2022/01/17
2395,Kids,Outerwear,94.22,
2396,Shoes,Heels,164.85,2019-07-14
2397,Accessories,Jewelry,73.92,2018-09-13
2398,Men,Activewear,114.43,2024-13-40
2399,Men,Suits,158.27,05-11-2016
2400,Shoes,Heels,267.75,2015-09-30
2401,Women,Jeans,220.61,2016-07-26
2402,Kids,Sleepwear,104.19,05/01/2023
2403,Shoes,Sandals,179.43,2019/09/13
2404,Kids,Sleepwear,90.55,2015/05/17
2405,Men,Jeans,147.15,08-09-2016
2406,Accessories,Scarves,113.96,2015-04-13
2407,Men,Jeans,241.49,2023-02-23
2408,Shoes,Sandals,123.09,13-08-2019
2409,Kids,Sleepwear,84.72,2015-09-06
2410,Women,Outerwear,234.53,2017-03-19
2411,Kids,Shoes,57.02,2021.03.01
2412,Women,Outerwear,151.03,2020-12-08
2413,Accessories,Bags,104.13,2023-03-12
2414,Shoes,Sandals,207.72,2015-04-05
2415,Men,Suits,96.16,11-09-2015
2416,Kids,Tops,103.39,2015-05-10
2417,Shoes,Sneakers,256.65,10/12/2018
2418,Men,Jeans,180.34,10-04-2022
2419,Men,T-Shirts,125.19,2021.08.18
2420,Kids,Outerwear,91.95,2017-02-06
2421,Men,T-Shirts,124.02,2021-07-28
2422,Shoes,Loafers,201.71,2021/07/25
2423,Women,Outerwear,276.91,2016-11-30
2424,Accessories,Scarves,122.87,2022-07-02
2425,Men,Jeans,112.5,2019/03/23
2426,Kids,Tops,94.06,05-08-2015
2427,Women,Jeans,119.17,2018-11-27
2428,Men,Activewear,112.04,2022/09/12
2429,Shoes,Sneakers,162.74,2021-12-18
2430,Men,Jeans,142.23,2017-09-07
2431,Women,Dresses,222.16,2022-07-27
2432,Kids,Sleepwear,103.01,24-11-2018
2433,Women,Lingerie,203.53,2019/08/09
2434,Men,Suits,116.04,13-11-2015
2435,Kids,Bottoms,77.82,21-12-2024
2436,Kids,Outerwear,96.12,2023-05-22
2437,Shoes,Loafers,185.44,2016-12-13
2438,Shoes,Heels,204.69,2020-08-10
2439,Accessories,Belts,133.24,2022/10/21
2440,Women,Jeans,164.31,2020-01-18
2441,Men,Suits,169.04,2017-02-09
2442,Women,Jeans,251.67,2024.09.08
2443,Women,Lingerie,172.27,2017/09/08
2444,Men,T-Shirts,207.17,2018.05.06
2445,Kids,Tops,102.59,2018-09-19
2446,Accessories,Scarves,75.98,2023-11-29
2447,Shoes,Boots,159.38,2020-01-01
2448,Shoes,Heels,174.15,2022-03-14
2449,Shoes,Boots,172.98,06-01-2024
2450,Women,Jeans,175.94,14-04-2024
2451,Accessories,Belts,138.44,2023-07-26
2452,Accessories,Bags,157.65,2024-01-30
2453,Women,Activewear,193.87,2024/06/25
2454,Kids,Tops,79.97,
2455,Accessories,Belts,57.53,2021/06/07
2456,Kids,Tops,91.59,2016-04-26
2457,Accessories,Bags,120.77,2016/02/18
2458,Accessories,Belts,125.49,2022-12-17
2459,Kids,Shoes,137.39,2018/02/28
2460,Women,Lingerie,235.83,2023-01-17
2461,Men,Outerwear,191.4,07-05-2024
2462,Men,Activewear,121.52,2021-06-11
2463,Kids,Shoes,78.46,2022/08/23
2464,Kids,Bottoms,87.87,2017.10.15
2465,Kids,Shoes,72.55,2019-05-07
2466,Women,Dresses,202.52,
2467,Men,Jeans,174.28,2023/03/03
2468,Shoes,Boots,160.14,2017-01-16
2469,Women,Dresses,233.86,13-05-2024
2470,Men,Suits,164.09,2019-12-30
2471,Accessories,Jewelry,68.13,2023-06-10
2472,Women,Jeans,177.69,2020.03.19
2473,Kids,Shoes,96.33,2021-01-15
2474,Men,Suits,198.91,
2475,Women,Activewear,164.81,22-05-2018
2476,Kids,Shoes,108.63,2022-03-24
2477,Kids,Outerwear,94.21,2023-06-05
2478,Women,Dresses,120.82,2015-11-21
2479,Women,Lingerie,116.32,2015-10-08
2480,Women,Outerwear,230.52,2021-12-06
2481,Shoes,Loafers,285.78,2019/06/22
2482,Accessories,Jewelry,129.69,
2483,Women,Tops,247.31,2015-09-07
2484,Men,Outerwear,202.26,2018/06/30
2485,Men,Jeans,187.35,2015/05/10
2486,Men,Shirts,123.55,2022-02-04
2487,Men,T-Shirts,229.26,2023-07-31
2488,Women,Lingerie,204.13,26-07-2016
2489,Kids,Shoes,81.32,2018/03/29
2490,Men,T-Shirts,133.27,2023-06-18
2491,Men,Activewear,170.27,2015-06-01
2492,Men,Activewear,93.16,09-07-2024
2493,Accessories,Jewelry,140.99,2023-11-15
2494,Shoes,Heels,167.55,2016-07-11
2495,Kids,Sleepwear,98.34,2016-05-22
2496,Men,Jeans,139.14,2021-12-02
2497,Accessories,Scarves,112.07,2015-02-06
2498,Accessories,Jewelry,97.29,2020/01/22
2499,Women,Activewear,172.74,2015-08-29
2500,Accessories,Hats,176.68,2020-04-25
